Time,CH A,CH B,
0.E+0,-3.73E-3,-3.0141E-2,
1.0005E-2,7.627E-2,-3.0141E-2,
2.001E-2,-3.73E-3,-2.2141E-2,
3.0015E-2,1.5627E-1,-2.2141E-2,
4.002E-2,7.627E-2,-2.2141E-2,
5.0025E-2,-3.73E-3,-2.2141E-2,
6.003E-2,-3.73E-3,-2.2141E-2,
7.0035E-2,-8.373E-2,-1.4141E-2,
8.004E-2,-8.373E-2,-2.2141E-2,
9.0045E-2,-8.373E-2,-1.4141E-2,
1.0005E-1,-8.373E-2,-2.2141E-2,
1.10055E-1,-3.73E-3,-2.2141E-2,
1.2006E-1,-8.373E-2,-2.2141E-2,
1.30065E-1,-8.373E-2,-2.2141E-2,
1.4007E-1,1.5627E-1,-1.4141E-2,
1.50075E-1,7.627E-2,-1.4141E-2,
1.6008E-1,7.627E-2,-1.4141E-2,
1.70085E-1,7.627E-2,-1.4141E-2,
1.8009E-1,1.5627E-1,-3.0141E-2,
1.90095E-1,1.5627E-1,-2.2141E-2,
2.001E-1,7.627E-2,-3.0141E-2,
2.10105E-1,1.5627E-1,-2.2141E-2,
2.2011E-1,1.5627E-1,-3.0141E-2,
2.30115E-1,2.3627E-1,-2.2141E-2,
2.4012E-1,1.5627E-1,-2.2141E-2,
2.50125E-1,1.5627E-1,-2.2141E-2,
2.6013E-1,7.627E-2,-2.2141E-2,
2.70135E-1,-3.73E-3,-3.0141E-2,
2.8014E-1,-3.73E-3,-3.0141E-2,
2.90145E-1,-3.73E-3,-3.0141E-2,
3.0015E-1,-8.373E-2,-3.0141E-2,
3.10155E-1,-8.373E-2,-3.0141E-2,
3.2016E-1,-8.373E-2,-3.0141E-2,
3.30165E-1,-1.6373E-1,-3.8141E-2,
3.4017E-1,-8.373E-2,-3.8141E-2,
3.50175E-1,-8.373E-2,-3.0141E-2,
3.6018E-1,-3.73E-3,-3.8141E-2,
3.70185E-1,-8.373E-2,-3.8141E-2,
3.8019E-1,-1.6373E-1,-3.8141E-2,
3.90195E-1,-3.2373E-1,-3.8141E-2,
4.002E-1,-1.6373E-1,-3.8141E-2,
4.10205E-1,-2.4373E-1,-3.0141E-2,
4.2021E-1,-8.373E-2,-3.0141E-2,
4.30215E-1,-8.373E-2,-3.0141E-2,
4.4022E-1,-8.373E-2,-3.0141E-2,
4.50225E-1,-3.73E-3,-3.0141E-2,
4.6023E-1,-8.373E-2,-2.2141E-2,
4.70235E-1,-1.6373E-1,-2.2141E-2,
4.8024E-1,-8.373E-2,-2.2141E-2,
4.90245E-1,-8.373E-2,-2.2141E-2,
5.0025E-1,-8.373E-2,-2.2141E-2,
5.10255E-1,-3.73E-3,-1.4141E-2,
5.2026E-1,-8.373E-2,-1.4141E-2,
5.30265E-1,-8.373E-2,-2.2141E-2,
5.4027E-1,-3.73E-3,-1.4141E-2,
5.50275E-1,-8.373E-2,-1.4141E-2,
5.6028E-1,-8.373E-2,-1.4141E-2,
5.70285E-1,-8.373E-2,-1.4141E-2,
5.8029E-1,-8.373E-2,-1.4141E-2,
5.90295E-1,-8.373E-2,-1.4141E-2,
6.003E-1,-3.73E-3,-6.141E-3,
6.10305E-1,-3.73E-3,-1.4141E-2,
6.2031E-1,-3.73E-3,-6.141E-3,
6.30315E-1,7.627E-2,-6.141E-3,
6.4032E-1,-3.73E-3,1.859E-3,
6.50325E-1,7.627E-2,-6.141E-3,
6.6033E-1,7.627E-2,-6.141E-3,
6.70335E-1,7.627E-2,-6.141E-3,
6.8034E-1,1.5627E-1,-6.141E-3,
6.90345E-1,7.627E-2,-6.141E-3,
7.0035E-1,7.627E-2,-6.141E-3,
7.10355E-1,1.5627E-1,-6.141E-3,
7.2036E-1,7.627E-2,-6.141E-3,
7.30365E-1,7.627E-2,-6.141E-3,
7.4037E-1,7.627E-2,-6.141E-3,
7.50375E-1,1.5627E-1,-6.141E-3,
7.6038E-1,7.627E-2,-6.141E-3,
7.70385E-1,1.5627E-1,-6.141E-3,
7.8039E-1,7.627E-2,-6.141E-3,
7.90395E-1,1.5627E-1,-1.4141E-2,
8.004E-1,1.5627E-1,-6.141E-3,
8.10405E-1,7.627E-2,-6.141E-3,
8.2041E-1,-3.73E-3,-1.4141E-2,
8.30415E-1,7.627E-2,-1.4141E-2,
8.4042E-1,7.627E-2,-1.4141E-2,
8.50425E-1,-3.73E-3,-6.141E-3,
8.6043E-1,-3.73E-3,-1.4141E-2,
8.70435E-1,-3.73E-3,-1.4141E-2,
8.8044E-1,-8.373E-2,-1.4141E-2,
8.90445E-1,-8.373E-2,-6.141E-3,
9.0045E-1,-8.373E-2,-1.4141E-2,
9.10455E-1,-8.373E-2,-1.4141E-2,
9.2046E-1,-8.373E-2,-1.4141E-2,
9.30465E-1,-3.73E-3,-1.4141E-2,
9.4047E-1,-8.373E-2,-1.4141E-2,
9.50475E-1,-8.373E-2,-1.4141E-2,
9.6048E-1,-2.4373E-1,-1.4141E-2,
9.70485E-1,-1.6373E-1,-1.4141E-2,
9.8049E-1,-8.373E-2,-1.4141E-2,
9.90495E-1,-8.373E-2,-1.4141E-2,
1.0005E+0,-1.6373E-1,-1.4141E-2,
1.01051E+0,-1.6373E-1,-6.141E-3,
1.02051E+0,-1.6373E-1,-1.4141E-2,
1.03052E+0,-8.373E-2,-1.4141E-2,
1.04052E+0,-1.6373E-1,-6.141E-3,
1.05053E+0,-1.6373E-1,-6.141E-3,
1.06053E+0,-1.6373E-1,-6.141E-3,
1.07054E+0,-8.373E-2,-6.141E-3,
1.08054E+0,-1.6373E-1,-6.141E-3,
1.09055E+0,-2.4373E-1,-6.141E-3,
1.10055E+0,-3.2373E-1,1.859E-3,
1.11056E+0,-2.4373E-1,1.859E-3,
1.12056E+0,-8.373E-2,9.859E-3,
1.13057E+0,-8.373E-2,1.859E-3,
1.14057E+0,7.627E-2,1.859E-3,
1.15058E+0,-3.73E-3,1.859E-3,
1.16058E+0,7.627E-2,1.859E-3,
1.17059E+0,7.627E-2,1.859E-3,
1.18059E+0,7.627E-2,9.859E-3,
1.1906E+0,1.5627E-1,1.7859E-2,
1.2006E+0,7.627E-2,9.859E-3,
1.21061E+0,7.627E-2,1.7859E-2,
1.22061E+0,-8.373E-2,9.859E-3,
1.23062E+0,-3.73E-3,9.859E-3,
1.24062E+0,7.627E-2,1.7859E-2,
1.25063E+0,-3.73E-3,1.7859E-2,
1.26063E+0,7.627E-2,1.7859E-2,
1.27064E+0,2.3627E-1,9.859E-3,
1.28064E+0,2.3627E-1,9.859E-3,
1.29065E+0,2.3627E-1,9.859E-3,
1.30065E+0,2.3627E-1,9.859E-3,
1.31066E+0,3.1627E-1,1.7859E-2,
1.32066E+0,3.1627E-1,9.859E-3,
1.33067E+0,2.3627E-1,9.859E-3,
1.34067E+0,7.627E-2,9.859E-3,
1.35068E+0,1.5627E-1,1.859E-3,
1.36068E+0,7.627E-2,9.859E-3,
1.37069E+0,-3.73E-3,1.859E-3,
1.38069E+0,7.627E-2,9.859E-3,
1.3907E+0,-8.373E-2,1.859E-3,
1.4007E+0,-3.73E-3,9.859E-3,
1.41071E+0,-3.73E-3,9.859E-3,
1.42071E+0,-3.73E-3,1.859E-3,
1.43072E+0,-3.73E-3,-6.141E-3,
1.44072E+0,-3.73E-3,1.859E-3,
1.45073E+0,-8.373E-2,1.859E-3,
1.46073E+0,-3.73E-3,-6.141E-3,
1.47074E+0,-1.6373E-1,1.859E-3,
1.48074E+0,-8.373E-2,1.859E-3,
1.49075E+0,-1.6373E-1,-6.141E-3,
1.50075E+0,-8.373E-2,1.859E-3,
1.51076E+0,-1.6373E-1,1.859E-3,
1.52076E+0,-3.2373E-1,1.859E-3,
1.53077E+0,-2.4373E-1,-6.141E-3,
1.54077E+0,-1.6373E-1,1.859E-3,
1.55078E+0,-1.6373E-1,1.859E-3,
1.56078E+0,-3.2373E-1,1.859E-3,
1.57079E+0,-2.4373E-1,1.859E-3,
1.58079E+0,-3.2373E-1,1.859E-3,
1.5908E+0,-2.4373E-1,9.859E-3,
1.6008E+0,-2.4373E-1,9.859E-3,
1.61081E+0,-1.6373E-1,9.859E-3,
1.62081E+0,-2.4373E-1,9.859E-3,
1.63082E+0,-1.6373E-1,1.7859E-2,
1.64082E+0,-2.4373E-1,9.859E-3,
1.65083E+0,-1.6373E-1,9.859E-3,
1.66083E+0,-1.6373E-1,1.7859E-2,
1.67084E+0,-1.6373E-1,2.5859E-2,
1.68084E+0,-1.6373E-1,1.7859E-2,
1.69085E+0,-1.6373E-1,1.7859E-2,
1.70085E+0,-8.373E-2,1.7859E-2,
1.71086E+0,-3.73E-3,2.5859E-2,
1.72086E+0,-3.73E-3,2.5859E-2,
1.73087E+0,-3.73E-3,2.5859E-2,
1.74087E+0,7.627E-2,2.5859E-2,
1.75088E+0,1.5627E-1,2.5859E-2,
1.76088E+0,1.5627E-1,2.5859E-2,
1.77089E+0,2.3627E-1,2.5859E-2,
1.78089E+0,2.3627E-1,2.5859E-2,
1.7909E+0,2.3627E-1,3.3859E-2,
1.8009E+0,3.1627E-1,3.3859E-2,
1.81091E+0,3.1627E-1,3.3859E-2,
1.82091E+0,7.627E-2,3.3859E-2,
1.83092E+0,7.627E-2,3.3859E-2,
1.84092E+0,1.5627E-1,3.3859E-2,
1.85093E+0,1.5627E-1,3.3859E-2,
1.86093E+0,7.627E-2,2.5859E-2,
1.87094E+0,1.5627E-1,2.5859E-2,
1.88094E+0,1.5627E-1,2.5859E-2,
1.89095E+0,1.5627E-1,2.5859E-2,
1.90095E+0,2.3627E-1,3.3859E-2,
1.91096E+0,2.3627E-1,3.3859E-2,
1.92096E+0,2.3627E-1,3.3859E-2,
1.93097E+0,1.5627E-1,1.7859E-2,
1.94097E+0,1.5627E-1,2.5859E-2,
1.95098E+0,7.627E-2,2.5859E-2,
1.96098E+0,7.627E-2,2.5859E-2,
1.97099E+0,7.627E-2,1.7859E-2,
1.98099E+0,-3.73E-3,2.5859E-2,
1.991E+0,7.627E-2,2.5859E-2,
2.001E+0,-8.373E-2,1.7859E-2,
2.01101E+0,-1.6373E-1,1.7859E-2,
2.02101E+0,-8.373E-2,1.7859E-2,
2.03102E+0,-3.73E-3,1.7859E-2,
2.04102E+0,7.627E-2,9.859E-3,
2.05103E+0,-8.373E-2,9.859E-3,
2.06103E+0,-8.373E-2,1.7859E-2,
2.07104E+0,-1.6373E-1,2.5859E-2,
2.08104E+0,-8.373E-2,1.7859E-2,
2.09105E+0,-8.373E-2,1.7859E-2,
2.10105E+0,-8.373E-2,1.7859E-2,
2.11106E+0,-1.6373E-1,9.859E-3,
2.12106E+0,-1.6373E-1,2.5859E-2,
2.13107E+0,-3.2373E-1,1.7859E-2,
2.14107E+0,-1.6373E-1,1.7859E-2,
2.15108E+0,-3.2373E-1,2.5859E-2,
2.16108E+0,-2.4373E-1,1.7859E-2,
2.17109E+0,-2.4373E-1,2.5859E-2,
2.18109E+0,-2.4373E-1,1.7859E-2,
2.1911E+0,-2.4373E-1,2.5859E-2,
2.2011E+0,-1.6373E-1,2.5859E-2,
2.21111E+0,-1.6373E-1,3.3859E-2,
2.22111E+0,-8.373E-2,3.3859E-2,
2.23112E+0,-8.373E-2,4.1859E-2,
2.24112E+0,-8.373E-2,3.3859E-2,
2.25113E+0,-8.373E-2,4.1859E-2,
2.26113E+0,-3.73E-3,3.3859E-2,
2.27114E+0,7.627E-2,4.1859E-2,
2.28114E+0,7.627E-2,4.9859E-2,
2.29115E+0,1.5627E-1,3.3859E-2,
2.30115E+0,1.5627E-1,4.1859E-2,
2.31116E+0,2.3627E-1,4.1859E-2,
2.32116E+0,1.5627E-1,4.9859E-2,
2.33117E+0,2.3627E-1,4.9859E-2,
2.34117E+0,1.5627E-1,4.9859E-2,
2.35118E+0,1.5627E-1,4.1859E-2,
2.36118E+0,-3.73E-3,4.1859E-2,
2.37119E+0,1.5627E-1,5.7859E-2,
2.38119E+0,2.3627E-1,4.9859E-2,
2.3912E+0,2.3627E-1,4.9859E-2,
2.4012E+0,7.627E-2,4.9859E-2,
2.41121E+0,7.627E-2,4.9859E-2,
2.42121E+0,1.5627E-1,4.9859E-2,
2.43122E+0,1.5627E-1,4.1859E-2,
2.44122E+0,1.5627E-1,4.9859E-2,
2.45123E+0,2.3627E-1,4.9859E-2,
2.46123E+0,3.1627E-1,5.7859E-2,
2.47124E+0,1.5627E-1,4.9859E-2,
2.48124E+0,7.627E-2,3.3859E-2,
2.49125E+0,7.627E-2,4.9859E-2,
2.50125E+0,7.627E-2,4.9859E-2,
2.51126E+0,7.627E-2,4.1859E-2,
2.52126E+0,-3.73E-3,4.1859E-2,
2.53127E+0,-1.6373E-1,3.3859E-2,
2.54127E+0,-1.6373E-1,4.1859E-2,
2.55128E+0,-3.73E-3,4.1859E-2,
2.56128E+0,-8.373E-2,3.3859E-2,
2.57129E+0,-3.73E-3,4.1859E-2,
2.58129E+0,-8.373E-2,4.1859E-2,
2.5913E+0,-8.373E-2,4.1859E-2,
2.6013E+0,-3.73E-3,3.3859E-2,
2.61131E+0,-8.373E-2,4.1859E-2,
2.62131E+0,-8.373E-2,2.5859E-2,
2.63132E+0,-8.373E-2,3.3859E-2,
2.64132E+0,-8.373E-2,3.3859E-2,
2.65133E+0,-1.6373E-1,3.3859E-2,
2.66133E+0,-8.373E-2,3.3859E-2,
2.67134E+0,-1.6373E-1,3.3859E-2,
2.68134E+0,-2.4373E-1,4.1859E-2,
2.69135E+0,-8.373E-2,3.3859E-2,
2.70135E+0,-8.373E-2,4.1859E-2,
2.71136E+0,-1.6373E-1,3.3859E-2,
2.72136E+0,-8.373E-2,4.1859E-2,
2.73137E+0,-1.6373E-1,4.1859E-2,
2.74137E+0,-1.6373E-1,4.1859E-2,
2.75138E+0,-1.6373E-1,4.1859E-2,
2.76138E+0,-8.373E-2,4.1859E-2,
2.77139E+0,-8.373E-2,4.1859E-2,
2.78139E+0,-8.373E-2,4.9859E-2,
2.7914E+0,-8.373E-2,4.9859E-2,
2.8014E+0,-3.73E-3,4.9859E-2,
2.81141E+0,-3.73E-3,4.9859E-2,
2.82141E+0,-3.73E-3,4.9859E-2,
2.83142E+0,7.627E-2,5.7859E-2,
2.84142E+0,-3.73E-3,5.7859E-2,
2.85143E+0,-3.73E-3,4.9859E-2,
2.86143E+0,-3.73E-3,5.7859E-2,
2.87144E+0,-3.73E-3,5.7859E-2,
2.88144E+0,-3.73E-3,6.5859E-2,
2.89145E+0,-3.73E-3,5.7859E-2,
2.90145E+0,1.5627E-1,6.5859E-2,
2.91146E+0,2.3627E-1,6.5859E-2,
2.92146E+0,2.3627E-1,6.5859E-2,
2.93147E+0,2.3627E-1,6.5859E-2,
2.94147E+0,3.1627E-1,7.3859E-2,
2.95148E+0,5.5627E-1,6.5859E-2,
2.96148E+0,5.5627E-1,7.3859E-2,
2.97149E+0,6.3627E-1,6.5859E-2,
2.98149E+0,7.9627E-1,6.5859E-2,
2.9915E+0,1.03627E+0,7.3859E-2,
3.0015E+0,1.19627E+0,6.5859E-2,
3.01151E+0,1.43627E+0,6.5859E-2,
3.02151E+0,1.59627E+0,6.5859E-2,
3.03152E+0,1.91627E+0,6.5859E-2,
3.04152E+0,2.07627E+0,6.5859E-2,
3.05153E+0,2.15627E+0,6.5859E-2,
3.06153E+0,2.23627E+0,6.5859E-2,
3.07154E+0,2.31627E+0,6.5859E-2,
3.08154E+0,2.39627E+0,5.7859E-2,
3.09155E+0,2.39627E+0,5.7859E-2,
3.10155E+0,2.39627E+0,5.7859E-2,
3.11156E+0,2.15627E+0,5.7859E-2,
3.12156E+0,1.99627E+0,4.9859E-2,
3.13157E+0,1.75627E+0,5.7859E-2,
3.14157E+0,1.43627E+0,5.7859E-2,
3.15158E+0,1.11627E+0,5.7859E-2,
3.16158E+0,7.1627E-1,5.7859E-2,
3.17159E+0,2.3627E-1,5.7859E-2,
3.18159E+0,-3.2373E-1,4.9859E-2,
3.1916E+0,-8.0373E-1,4.1859E-2,
3.2016E+0,-1.20373E+0,5.7859E-2,
3.21161E+0,-1.76373E+0,4.9859E-2,
3.22161E+0,-2.08373E+0,4.9859E-2,
3.23162E+0,-2.48373E+0,4.9859E-2,
3.24162E+0,-2.72373E+0,5.7859E-2,
3.25163E+0,-3.04373E+0,5.7859E-2,
3.26163E+0,-3.28373E+0,5.7859E-2,
3.27164E+0,-3.60373E+0,5.7859E-2,
3.28164E+0,-3.68373E+0,4.9859E-2,
3.29165E+0,-3.84373E+0,5.7859E-2,
3.30165E+0,-4.00373E+0,5.7859E-2,
3.31166E+0,-4.08373E+0,6.5859E-2,
3.32166E+0,-4.08373E+0,6.5859E-2,
3.33167E+0,-4.00373E+0,7.3859E-2,
3.34167E+0,-3.76373E+0,6.5859E-2,
3.35168E+0,-3.60373E+0,6.5859E-2,
3.36168E+0,-3.36373E+0,6.5859E-2,
3.37169E+0,-2.96373E+0,7.3859E-2,
3.38169E+0,-2.64373E+0,7.3859E-2,
3.3917E+0,-2.16373E+0,7.3859E-2,
3.4017E+0,-1.84373E+0,7.3859E-2,
3.41171E+0,-1.36373E+0,7.3859E-2,
3.42171E+0,-9.6373E-1,8.1859E-2,
3.43172E+0,-4.0373E-1,8.1859E-2,
3.44172E+0,-2.4373E-1,7.3859E-2,
3.45173E+0,1.5627E-1,8.9859E-2,
3.46173E+0,4.7627E-1,8.1859E-2,
3.47174E+0,7.1627E-1,8.1859E-2,
3.48174E+0,1.11627E+0,8.9859E-2,
3.49175E+0,1.27627E+0,8.9859E-2,
3.50175E+0,1.27627E+0,8.9859E-2,
3.51176E+0,1.27627E+0,8.1859E-2,
3.52176E+0,1.27627E+0,8.9859E-2,
3.53177E+0,1.19627E+0,8.1859E-2,
3.54177E+0,1.19627E+0,8.9859E-2,
3.55178E+0,1.27627E+0,8.9859E-2,
3.56178E+0,1.51627E+0,8.9859E-2,
3.57179E+0,1.27627E+0,8.9859E-2,
3.58179E+0,1.27627E+0,8.1859E-2,
3.5918E+0,1.19627E+0,8.9859E-2,
3.6018E+0,1.19627E+0,8.1859E-2,
3.61181E+0,1.11627E+0,8.1859E-2,
3.62181E+0,1.03627E+0,8.1859E-2,
3.63182E+0,9.5627E-1,8.1859E-2,
3.64182E+0,9.5627E-1,7.3859E-2,
3.65183E+0,9.5627E-1,7.3859E-2,
3.66183E+0,8.7627E-1,7.3859E-2,
3.67184E+0,7.9627E-1,7.3859E-2,
3.68184E+0,7.1627E-1,7.3859E-2,
3.69185E+0,5.5627E-1,7.3859E-2,
3.70185E+0,5.5627E-1,8.1859E-2,
3.71186E+0,5.5627E-1,7.3859E-2,
3.72186E+0,3.9627E-1,7.3859E-2,
3.73187E+0,3.1627E-1,6.5859E-2,
3.74187E+0,2.3627E-1,7.3859E-2,
3.75188E+0,1.5627E-1,7.3859E-2,
3.76188E+0,7.627E-2,6.5859E-2,
3.77189E+0,-3.73E-3,6.5859E-2,
3.78189E+0,7.627E-2,6.5859E-2,
3.7919E+0,-3.73E-3,7.3859E-2,
3.8019E+0,-3.73E-3,8.1859E-2,
3.81191E+0,-8.373E-2,7.3859E-2,
3.82191E+0,1.5627E-1,7.3859E-2,
3.83192E+0,-8.373E-2,7.3859E-2,
3.84192E+0,-8.373E-2,7.3859E-2,
3.85193E+0,-8.373E-2,8.1859E-2,
3.86193E+0,-3.73E-3,7.3859E-2,
3.87194E+0,-8.373E-2,7.3859E-2,
3.88194E+0,-8.373E-2,7.3859E-2,
3.89195E+0,-8.373E-2,7.3859E-2,
3.90195E+0,-8.373E-2,8.1859E-2,
3.91196E+0,-1.6373E-1,8.1859E-2,
3.92196E+0,-8.373E-2,8.1859E-2,
3.93197E+0,-3.73E-3,8.9859E-2,
3.94197E+0,-3.73E-3,8.9859E-2,
3.95198E+0,-8.373E-2,8.9859E-2,
3.96198E+0,-3.73E-3,8.9859E-2,
3.97199E+0,-3.73E-3,8.9859E-2,
3.98199E+0,1.5627E-1,9.7859E-2,
3.992E+0,7.627E-2,9.7859E-2,
4.002E+0,7.627E-2,9.7859E-2,
4.01201E+0,1.5627E-1,9.7859E-2,
4.02201E+0,7.627E-2,9.7859E-2,
4.03202E+0,1.5627E-1,1.05859E-1,
4.04202E+0,-3.73E-3,1.05859E-1,
4.05203E+0,-3.73E-3,1.05859E-1,
4.06203E+0,1.5627E-1,1.05859E-1,
4.07204E+0,7.627E-2,1.05859E-1,
4.08204E+0,1.5627E-1,9.7859E-2,
4.09205E+0,7.627E-2,1.05859E-1,
4.10205E+0,7.627E-2,1.05859E-1,
4.11206E+0,7.627E-2,1.05859E-1,
4.12206E+0,7.627E-2,9.7859E-2,
4.13207E+0,3.1627E-1,1.05859E-1,
4.14207E+0,3.1627E-1,1.05859E-1,
4.15208E+0,2.3627E-1,1.05859E-1,
4.16208E+0,3.1627E-1,9.7859E-2,
4.17209E+0,2.3627E-1,9.7859E-2,
4.18209E+0,2.3627E-1,9.7859E-2,
4.1921E+0,1.5627E-1,9.7859E-2,
4.2021E+0,1.5627E-1,9.7859E-2,
4.21211E+0,2.3627E-1,9.7859E-2,
4.22211E+0,7.627E-2,1.05859E-1,
4.23212E+0,7.627E-2,8.9859E-2,
4.24212E+0,7.627E-2,9.7859E-2,
4.25213E+0,-3.73E-3,8.9859E-2,
4.26213E+0,-3.73E-3,8.9859E-2,
4.27214E+0,-3.73E-3,8.9859E-2,
4.28214E+0,-8.373E-2,9.7859E-2,
4.29215E+0,-1.6373E-1,8.9859E-2,
4.30215E+0,-3.73E-3,8.9859E-2,
4.31216E+0,-3.73E-3,8.9859E-2,
4.32216E+0,-8.373E-2,8.9859E-2,
4.33217E+0,-1.6373E-1,8.9859E-2,
4.34217E+0,-2.4373E-1,8.1859E-2,
4.35218E+0,-2.4373E-1,8.1859E-2,
4.36218E+0,-2.4373E-1,8.9859E-2,
4.37219E+0,-1.6373E-1,8.9859E-2,
4.38219E+0,-1.6373E-1,8.9859E-2,
4.3922E+0,7.627E-2,8.9859E-2,
4.4022E+0,-3.73E-3,8.9859E-2,
4.41221E+0,-3.73E-3,8.9859E-2,
4.42221E+0,-8.373E-2,8.9859E-2,
4.43222E+0,-2.4373E-1,8.9859E-2,
4.44222E+0,-1.6373E-1,9.7859E-2,
4.45223E+0,-2.4373E-1,9.7859E-2,
4.46223E+0,-2.4373E-1,9.7859E-2,
4.47224E+0,-2.4373E-1,9.7859E-2,
4.48224E+0,-2.4373E-1,9.7859E-2,
4.49225E+0,-2.4373E-1,1.05859E-1,
4.50225E+0,-1.6373E-1,1.05859E-1,
4.51226E+0,-8.373E-2,1.05859E-1,
4.52226E+0,-8.373E-2,1.05859E-1,
4.53227E+0,-3.73E-3,1.13859E-1,
4.54227E+0,-8.373E-2,1.13859E-1,
4.55228E+0,-3.73E-3,1.05859E-1,
4.56228E+0,-3.73E-3,1.13859E-1,
4.57229E+0,-3.73E-3,1.13859E-1,
4.58229E+0,-3.73E-3,1.13859E-1,
4.5923E+0,7.627E-2,1.13859E-1,
4.6023E+0,-3.73E-3,1.13859E-1,
4.61231E+0,2.3627E-1,1.21859E-1,
4.62231E+0,-2.4373E-1,1.13859E-1,
4.63232E+0,-3.73E-3,1.21859E-1,
4.64232E+0,-3.73E-3,1.21859E-1,
4.65233E+0,7.627E-2,1.13859E-1,
4.66233E+0,7.627E-2,1.21859E-1,
4.67234E+0,1.5627E-1,1.21859E-1,
4.68234E+0,1.5627E-1,1.21859E-1,
4.69235E+0,2.3627E-1,1.29859E-1,
4.70235E+0,3.1627E-1,1.13859E-1,
4.71236E+0,3.9627E-1,1.21859E-1,
4.72236E+0,3.1627E-1,1.21859E-1,
4.73237E+0,2.3627E-1,1.21859E-1,
4.74237E+0,3.1627E-1,1.21859E-1,
4.75238E+0,2.3627E-1,1.13859E-1,
4.76238E+0,1.5627E-1,1.13859E-1,
4.77239E+0,2.3627E-1,1.13859E-1,
4.78239E+0,-3.73E-3,1.21859E-1,
4.7924E+0,-3.73E-3,1.13859E-1,
4.8024E+0,-3.73E-3,1.13859E-1,
4.81241E+0,-3.73E-3,1.05859E-1,
4.82241E+0,-3.73E-3,1.13859E-1,
4.83242E+0,-1.6373E-1,1.13859E-1,
4.84242E+0,-1.6373E-1,1.13859E-1,
4.85243E+0,-3.2373E-1,1.13859E-1,
4.86243E+0,-3.2373E-1,1.13859E-1,
4.87244E+0,-3.2373E-1,1.05859E-1,
4.88244E+0,-2.4373E-1,1.05859E-1,
4.89245E+0,-2.4373E-1,1.05859E-1,
4.90245E+0,-3.2373E-1,1.05859E-1,
4.91246E+0,-4.0373E-1,1.05859E-1,
4.92246E+0,-2.4373E-1,1.05859E-1,
4.93247E+0,-2.4373E-1,1.05859E-1,
4.94247E+0,-2.4373E-1,1.05859E-1,
4.95248E+0,-4.0373E-1,1.05859E-1,
4.96248E+0,-6.4373E-1,1.05859E-1,
4.97249E+0,-7.2373E-1,1.05859E-1,
4.98249E+0,-6.4373E-1,1.13859E-1,
4.9925E+0,-7.2373E-1,1.05859E-1,
5.0025E+0,-6.4373E-1,1.13859E-1,
5.01251E+0,-5.6373E-1,1.13859E-1,
5.02251E+0,-4.0373E-1,1.13859E-1,
5.03252E+0,-2.4373E-1,1.21859E-1,
5.04252E+0,-1.6373E-1,1.21859E-1,
5.05253E+0,-1.6373E-1,1.13859E-1,
5.06253E+0,-2.4373E-1,1.21859E-1,
5.07254E+0,-1.6373E-1,1.21859E-1,
5.08254E+0,-1.6373E-1,1.21859E-1,
5.09255E+0,-1.6373E-1,1.21859E-1,
5.10255E+0,-8.373E-2,1.29859E-1,
5.11256E+0,-3.73E-3,1.21859E-1,
5.12256E+0,-1.6373E-1,1.29859E-1,
5.13257E+0,-8.373E-2,1.37859E-1,
5.14257E+0,-3.73E-3,1.37859E-1,
5.15258E+0,-1.6373E-1,1.29859E-1,
5.16258E+0,-1.6373E-1,1.29859E-1,
5.17259E+0,-8.373E-2,1.37859E-1,
5.18259E+0,1.5627E-1,1.45859E-1,
5.1926E+0,7.627E-2,1.37859E-1,
5.2026E+0,7.627E-2,1.37859E-1,
5.21261E+0,2.3627E-1,1.37859E-1,
5.22261E+0,3.1627E-1,1.37859E-1,
5.23262E+0,3.1627E-1,1.37859E-1,
5.24262E+0,3.9627E-1,1.29859E-1,
5.25263E+0,5.5627E-1,1.29859E-1,
5.26263E+0,3.9627E-1,1.37859E-1,
5.27264E+0,5.5627E-1,1.37859E-1,
5.28264E+0,4.7627E-1,1.37859E-1,
5.29265E+0,3.9627E-1,1.29859E-1,
5.30265E+0,1.5627E-1,1.37859E-1,
5.31266E+0,2.3627E-1,1.29859E-1,
5.32266E+0,1.5627E-1,1.37859E-1,
5.33267E+0,3.1627E-1,1.29859E-1,
5.34267E+0,3.9627E-1,1.29859E-1,
5.35268E+0,2.3627E-1,1.29859E-1,
5.36268E+0,3.1627E-1,1.29859E-1,
5.37269E+0,3.1627E-1,1.29859E-1,
5.38269E+0,1.5627E-1,1.29859E-1,
5.3927E+0,1.5627E-1,1.21859E-1,
5.4027E+0,3.1627E-1,1.29859E-1,
5.41271E+0,2.3627E-1,1.21859E-1,
5.42271E+0,2.3627E-1,1.29859E-1,
5.43272E+0,1.5627E-1,1.21859E-1,
5.44272E+0,1.5627E-1,1.21859E-1,
5.45273E+0,7.627E-2,1.29859E-1,
5.46273E+0,7.627E-2,1.21859E-1,
5.47274E+0,-3.73E-3,1.21859E-1,
5.48274E+0,-1.6373E-1,1.21859E-1,
5.49275E+0,-1.6373E-1,1.21859E-1,
5.50275E+0,-3.73E-3,1.29859E-1,
5.51276E+0,-8.373E-2,1.29859E-1,
5.52276E+0,-8.373E-2,1.21859E-1,
5.53277E+0,-8.373E-2,1.29859E-1,
5.54277E+0,-1.6373E-1,1.29859E-1,
5.55278E+0,-1.6373E-1,1.29859E-1,
5.56278E+0,-1.6373E-1,1.29859E-1,
5.57279E+0,-1.6373E-1,1.29859E-1,
5.58279E+0,-1.6373E-1,1.29859E-1,
5.5928E+0,-1.6373E-1,1.37859E-1,
5.6028E+0,-1.6373E-1,1.45859E-1,
5.61281E+0,-8.373E-2,1.29859E-1,
5.62281E+0,-8.373E-2,1.37859E-1,
5.63282E+0,-8.373E-2,1.37859E-1,
5.64282E+0,-3.73E-3,1.37859E-1,
5.65283E+0,7.627E-2,1.45859E-1,
5.66283E+0,7.627E-2,1.45859E-1,
5.67284E+0,1.5627E-1,1.45859E-1,
5.68284E+0,7.627E-2,1.53859E-1,
5.69285E+0,1.5627E-1,1.45859E-1,
5.70285E+0,7.627E-2,1.53859E-1,
5.71286E+0,1.5627E-1,1.45859E-1,
5.72286E+0,7.627E-2,1.53859E-1,
5.73287E+0,1.5627E-1,1.53859E-1,
5.74287E+0,7.627E-2,1.45859E-1,
5.75288E+0,-3.73E-3,1.53859E-1,
5.76288E+0,1.5627E-1,1.53859E-1,
5.77289E+0,7.627E-2,1.53859E-1,
5.78289E+0,7.627E-2,1.61859E-1,
5.7929E+0,7.627E-2,1.53859E-1,
5.8029E+0,7.627E-2,1.53859E-1,
5.81291E+0,2.3627E-1,1.45859E-1,
5.82291E+0,7.627E-2,1.53859E-1,
5.83292E+0,1.5627E-1,1.53859E-1,
5.84292E+0,1.5627E-1,1.53859E-1,
5.85293E+0,1.5627E-1,1.53859E-1,
5.86293E+0,1.5627E-1,1.53859E-1,
5.87294E+0,7.627E-2,1.53859E-1,
5.88294E+0,-3.73E-3,1.53859E-1,
5.89295E+0,-3.73E-3,1.53859E-1,
5.90295E+0,-3.73E-3,1.45859E-1,
5.91296E+0,7.627E-2,1.53859E-1,
5.92296E+0,7.627E-2,1.45859E-1,
5.93297E+0,-3.73E-3,1.53859E-1,
5.94297E+0,7.627E-2,1.45859E-1,
5.95298E+0,7.627E-2,1.45859E-1,
5.96298E+0,1.5627E-1,1.45859E-1,
5.97299E+0,7.627E-2,1.45859E-1,
5.98299E+0,7.627E-2,1.37859E-1,
5.993E+0,-3.73E-3,1.45859E-1,
6.003E+0,-3.73E-3,1.37859E-1,
6.01301E+0,-8.373E-2,1.37859E-1,
6.02301E+0,-8.373E-2,1.37859E-1,
6.03302E+0,-3.2373E-1,1.37859E-1,
6.04302E+0,-8.373E-2,1.37859E-1,
6.05303E+0,-2.4373E-1,1.45859E-1,
6.06303E+0,-2.4373E-1,1.37859E-1,
6.07304E+0,-3.2373E-1,1.45859E-1,
6.08304E+0,-4.0373E-1,1.37859E-1,
6.09305E+0,-3.2373E-1,1.45859E-1,
6.10305E+0,-2.4373E-1,1.45859E-1,
6.11306E+0,-2.4373E-1,1.45859E-1,
6.12306E+0,-1.6373E-1,1.45859E-1,
6.13307E+0,-3.2373E-1,1.45859E-1,
6.14307E+0,-2.4373E-1,1.53859E-1,
6.15308E+0,-2.4373E-1,1.53859E-1,
6.16308E+0,-3.2373E-1,1.53859E-1,
6.17309E+0,-1.6373E-1,1.53859E-1,
6.18309E+0,-1.6373E-1,-7.0141E-2,
6.1931E+0,-3.2373E-1,-1.34141E-1,
6.2031E+0,-1.6373E-1,-1.50141E-1,
6.21311E+0,-8.373E-2,-1.58141E-1,
6.22311E+0,-8.373E-2,-1.58141E-1,
6.23312E+0,-8.373E-2,-1.50141E-1,
6.24312E+0,-8.373E-2,-1.50141E-1,
6.25313E+0,-3.73E-3,-1.50141E-1,
6.26313E+0,-3.73E-3,-1.50141E-1,
6.27314E+0,-8.373E-2,-1.50141E-1,
6.28314E+0,-3.73E-3,-1.50141E-1,
6.29315E+0,-3.73E-3,-1.50141E-1,
6.30315E+0,-3.73E-3,-1.50141E-1,
6.31316E+0,1.5627E-1,-1.50141E-1,
6.32316E+0,7.627E-2,-1.42141E-1,
6.33317E+0,7.627E-2,-1.50141E-1,
6.34317E+0,7.627E-2,-1.50141E-1,
6.35318E+0,1.5627E-1,-1.50141E-1,
6.36318E+0,1.5627E-1,-1.50141E-1,
6.37319E+0,2.3627E-1,-1.50141E-1,
6.38319E+0,2.3627E-1,-1.50141E-1,
6.3932E+0,3.1627E-1,-1.50141E-1,
6.4032E+0,3.1627E-1,-1.42141E-1,
6.41321E+0,3.1627E-1,-1.50141E-1,
6.42321E+0,3.1627E-1,-1.50141E-1,
6.43322E+0,1.5627E-1,-1.42141E-1,
6.44322E+0,1.5627E-1,-1.42141E-1,
6.45323E+0,-3.73E-3,-1.34141E-1,
6.46323E+0,7.627E-2,-1.26141E-1,
6.47324E+0,1.5627E-1,-1.34141E-1,
6.48324E+0,1.5627E-1,-1.34141E-1,
6.49325E+0,7.627E-2,-1.34141E-1,
6.50325E+0,1.5627E-1,-1.34141E-1,
6.51326E+0,7.627E-2,-1.34141E-1,
6.52326E+0,-3.73E-3,-1.34141E-1,
6.53327E+0,-1.6373E-1,-1.26141E-1,
6.54327E+0,-1.6373E-1,-1.26141E-1,
6.55328E+0,-8.373E-2,-1.26141E-1,
6.56328E+0,-8.373E-2,-1.26141E-1,
6.57329E+0,-1.6373E-1,-1.26141E-1,
6.58329E+0,-2.4373E-1,-1.26141E-1,
6.5933E+0,-1.6373E-1,-1.26141E-1,
6.6033E+0,-2.4373E-1,-1.26141E-1,
6.61331E+0,-8.373E-2,-1.26141E-1,
6.62331E+0,-2.4373E-1,-1.26141E-1,
6.63332E+0,-1.6373E-1,-1.18141E-1,
6.64332E+0,-2.4373E-1,-1.26141E-1,
6.65333E+0,-1.6373E-1,-1.26141E-1,
6.66333E+0,-3.2373E-1,-1.18141E-1,
6.67334E+0,-2.4373E-1,-1.26141E-1,
6.68334E+0,-3.2373E-1,-1.26141E-1,
6.69335E+0,-3.2373E-1,-1.18141E-1,
6.70335E+0,-8.373E-2,-1.10141E-1,
6.71336E+0,-8.373E-2,-1.18141E-1,
6.72336E+0,-8.373E-2,-1.18141E-1,
6.73337E+0,-8.373E-2,-1.10141E-1,
6.74337E+0,-3.73E-3,-1.10141E-1,
6.75338E+0,-3.73E-3,-1.10141E-1,
6.76338E+0,-3.73E-3,-1.10141E-1,
6.77339E+0,-3.73E-3,-1.10141E-1,
6.78339E+0,7.627E-2,-1.10141E-1,
6.7934E+0,7.627E-2,-1.02141E-1,
6.8034E+0,7.627E-2,-1.10141E-1,
6.81341E+0,7.627E-2,-1.02141E-1,
6.82341E+0,7.627E-2,-1.02141E-1,
6.83342E+0,1.5627E-1,-9.4141E-2,
6.84342E+0,7.627E-2,-1.02141E-1,
6.85343E+0,-3.73E-3,-9.4141E-2,
6.86343E+0,7.627E-2,-9.4141E-2,
6.87344E+0,7.627E-2,-9.4141E-2,
6.88344E+0,1.5627E-1,-1.02141E-1,
6.89345E+0,1.5627E-1,-1.02141E-1,
6.90345E+0,2.3627E-1,-8.6141E-2,
6.91346E+0,2.3627E-1,-9.4141E-2,
6.92346E+0,2.3627E-1,-9.4141E-2,
6.93347E+0,1.5627E-1,-9.4141E-2,
6.94347E+0,7.627E-2,-8.6141E-2,
6.95348E+0,1.5627E-1,-9.4141E-2,
6.96348E+0,2.3627E-1,-9.4141E-2,
6.97349E+0,2.3627E-1,-9.4141E-2,
6.98349E+0,2.3627E-1,-1.02141E-1,
6.9935E+0,2.3627E-1,-9.4141E-2,
7.0035E+0,1.5627E-1,-9.4141E-2,
7.01351E+0,1.5627E-1,-9.4141E-2,
7.02351E+0,1.5627E-1,-1.02141E-1,
7.03352E+0,7.627E-2,-1.02141E-1,
7.04352E+0,-3.73E-3,-1.02141E-1,
7.05353E+0,-8.373E-2,-1.02141E-1,
7.06353E+0,-8.373E-2,-1.02141E-1,
7.07354E+0,-8.373E-2,-1.02141E-1,
7.08354E+0,-8.373E-2,-9.4141E-2,
7.09355E+0,-8.373E-2,-1.02141E-1,
7.10355E+0,-1.6373E-1,-1.10141E-1,
7.11356E+0,-8.373E-2,-1.10141E-1,
7.12356E+0,-1.6373E-1,-1.02141E-1,
7.13357E+0,-1.6373E-1,-1.02141E-1,
7.14357E+0,-2.4373E-1,-1.10141E-1,
7.15358E+0,-1.6373E-1,-1.10141E-1,
7.16358E+0,-2.4373E-1,-1.10141E-1,
7.17359E+0,-1.6373E-1,-1.10141E-1,
7.18359E+0,-1.6373E-1,-1.02141E-1,
7.1936E+0,-1.6373E-1,-1.10141E-1,
7.2036E+0,-1.6373E-1,-1.02141E-1,
7.21361E+0,-1.6373E-1,-1.02141E-1,
7.22361E+0,-2.4373E-1,-1.02141E-1,
7.23362E+0,-3.2373E-1,-1.02141E-1,
7.24362E+0,-2.4373E-1,-1.10141E-1,
7.25363E+0,-1.6373E-1,-1.02141E-1,
7.26363E+0,-2.4373E-1,-1.02141E-1,
7.27364E+0,-2.4373E-1,-1.10141E-1,
7.28364E+0,-1.6373E-1,-1.02141E-1,
7.29365E+0,-1.6373E-1,-1.02141E-1,
7.30365E+0,-8.373E-2,-1.02141E-1,
7.31366E+0,-8.373E-2,-1.02141E-1,
7.32366E+0,-3.73E-3,-9.4141E-2,
7.33367E+0,7.627E-2,-1.02141E-1,
7.34367E+0,7.627E-2,-9.4141E-2,
7.35368E+0,2.3627E-1,-1.02141E-1,
7.36368E+0,1.5627E-1,-1.02141E-1,
7.37369E+0,1.5627E-1,-9.4141E-2,
7.38369E+0,7.627E-2,-9.4141E-2,
7.3937E+0,1.5627E-1,-9.4141E-2,
7.4037E+0,1.5627E-1,-9.4141E-2,
7.41371E+0,7.627E-2,-9.4141E-2,
7.42371E+0,1.5627E-1,-9.4141E-2,
7.43372E+0,-8.373E-2,-7.8141E-2,
7.44372E+0,7.627E-2,-8.6141E-2,
7.45373E+0,2.3627E-1,-8.6141E-2,
7.46373E+0,7.627E-2,-8.6141E-2,
7.47374E+0,7.627E-2,-8.6141E-2,
7.48374E+0,7.627E-2,-8.6141E-2,
7.49375E+0,1.5627E-1,-8.6141E-2,
7.50375E+0,1.5627E-1,-8.6141E-2,
7.51376E+0,2.3627E-1,-8.6141E-2,
7.52376E+0,2.3627E-1,-8.6141E-2,
7.53377E+0,1.5627E-1,-8.6141E-2,
7.54377E+0,1.5627E-1,-9.4141E-2,
7.55378E+0,1.5627E-1,-8.6141E-2,
7.56378E+0,7.627E-2,-8.6141E-2,
7.57379E+0,1.5627E-1,-8.6141E-2,
7.58379E+0,7.627E-2,-9.4141E-2,
7.5938E+0,7.627E-2,-8.6141E-2,
7.6038E+0,7.627E-2,-9.4141E-2,
7.61381E+0,-3.73E-3,-9.4141E-2,
7.62381E+0,-3.73E-3,-1.02141E-1,
7.63382E+0,-1.6373E-1,-9.4141E-2,
7.64382E+0,-8.373E-2,-9.4141E-2,
7.65383E+0,-3.73E-3,-9.4141E-2,
7.66383E+0,-8.373E-2,-9.4141E-2,
7.67384E+0,-8.373E-2,-1.02141E-1,
7.68384E+0,-8.373E-2,-1.02141E-1,
7.69385E+0,-1.6373E-1,-1.02141E-1,
7.70385E+0,-2.4373E-1,-1.02141E-1,
7.71386E+0,-1.6373E-1,-1.02141E-1,
7.72386E+0,-1.6373E-1,-9.4141E-2,
7.73387E+0,-1.6373E-1,-1.02141E-1,
7.74387E+0,-2.4373E-1,-1.02141E-1,
7.75388E+0,-2.4373E-1,-9.4141E-2,
7.76388E+0,-2.4373E-1,-1.02141E-1,
7.77389E+0,-2.4373E-1,-1.02141E-1,
7.78389E+0,-2.4373E-1,-9.4141E-2,
7.7939E+0,-1.6373E-1,-1.02141E-1,
7.8039E+0,-1.6373E-1,-1.02141E-1,
7.81391E+0,-1.6373E-1,-9.4141E-2,
7.82391E+0,-1.6373E-1,-1.02141E-1,
7.83392E+0,-1.6373E-1,-9.4141E-2,
7.84392E+0,-8.373E-2,-1.02141E-1,
7.85393E+0,-8.373E-2,-1.02141E-1,
7.86393E+0,-3.73E-3,-9.4141E-2,
7.87394E+0,-3.73E-3,-9.4141E-2,
7.88394E+0,-8.373E-2,-9.4141E-2,
7.89395E+0,-1.6373E-1,-9.4141E-2,
7.90395E+0,-1.6373E-1,-8.6141E-2,
7.91396E+0,-8.373E-2,-9.4141E-2,
7.92396E+0,-3.73E-3,-9.4141E-2,
7.93397E+0,-3.73E-3,-8.6141E-2,
7.94397E+0,7.627E-2,-8.6141E-2,
7.95398E+0,-3.73E-3,-8.6141E-2,
7.96398E+0,7.627E-2,-8.6141E-2,
7.97399E+0,7.627E-2,-7.8141E-2,
7.98399E+0,-3.73E-3,-8.6141E-2,
7.994E+0,7.627E-2,-8.6141E-2,
8.004E+0,7.627E-2,-7.8141E-2,
8.01401E+0,1.5627E-1,-7.8141E-2,
8.02401E+0,-3.73E-3,-7.8141E-2,
8.03402E+0,1.5627E-1,-7.8141E-2,
8.04402E+0,7.627E-2,-7.8141E-2,
8.05403E+0,1.5627E-1,-7.8141E-2,
8.06403E+0,1.5627E-1,-7.8141E-2,
8.07404E+0,7.627E-2,-7.8141E-2,
8.08404E+0,-3.73E-3,-7.8141E-2,
8.09405E+0,7.627E-2,-8.6141E-2,
8.10405E+0,-3.73E-3,-7.8141E-2,
8.11406E+0,-3.73E-3,-7.8141E-2,
8.12406E+0,7.627E-2,-8.6141E-2,
8.13407E+0,-3.73E-3,-8.6141E-2,
8.14407E+0,-8.373E-2,-9.4141E-2,
8.15408E+0,-3.73E-3,-8.6141E-2,
8.16408E+0,-3.73E-3,-8.6141E-2,
8.17409E+0,7.627E-2,-8.6141E-2,
8.18409E+0,-3.73E-3,-8.6141E-2,
8.1941E+0,7.627E-2,-9.4141E-2,
8.2041E+0,1.5627E-1,-9.4141E-2,
8.21411E+0,1.5627E-1,-8.6141E-2,
8.22411E+0,7.627E-2,-8.6141E-2,
8.23412E+0,7.627E-2,-8.6141E-2,
8.24412E+0,7.627E-2,-8.6141E-2,
8.25413E+0,1.5627E-1,-9.4141E-2,
8.26413E+0,-3.73E-3,-9.4141E-2,
8.27414E+0,-8.373E-2,-9.4141E-2,
8.28414E+0,-8.373E-2,-9.4141E-2,
8.29415E+0,-2.4373E-1,-1.02141E-1,
8.30415E+0,-2.4373E-1,-9.4141E-2,
8.31416E+0,-3.2373E-1,-9.4141E-2,
8.32416E+0,-2.4373E-1,-9.4141E-2,
8.33417E+0,-1.6373E-1,-9.4141E-2,
8.34417E+0,-1.6373E-1,-9.4141E-2,
8.35418E+0,-2.4373E-1,-1.02141E-1,
8.36418E+0,-1.6373E-1,-9.4141E-2,
8.37419E+0,-2.4373E-1,-9.4141E-2,
8.38419E+0,-2.4373E-1,-9.4141E-2,
8.3942E+0,-2.4373E-1,-8.6141E-2,
8.4042E+0,-2.4373E-1,-9.4141E-2,
8.41421E+0,-2.4373E-1,-9.4141E-2,
8.42421E+0,-1.6373E-1,-9.4141E-2,
8.43422E+0,-1.6373E-1,-8.6141E-2,
8.44422E+0,-1.6373E-1,-8.6141E-2,
8.45423E+0,-3.73E-3,-8.6141E-2,
8.46423E+0,-3.73E-3,-9.4141E-2,
8.47424E+0,-3.73E-3,-7.8141E-2,
8.48424E+0,-3.73E-3,-8.6141E-2,
8.49425E+0,-3.73E-3,-8.6141E-2,
8.50425E+0,-3.73E-3,-7.8141E-2,
8.51426E+0,7.627E-2,-7.8141E-2,
8.52426E+0,7.627E-2,-7.8141E-2,
8.53427E+0,-3.73E-3,-7.8141E-2,
8.54427E+0,7.627E-2,-7.8141E-2,
8.55428E+0,1.5627E-1,-7.8141E-2,
8.56428E+0,1.5627E-1,-7.8141E-2,
8.57429E+0,7.627E-2,-7.0141E-2,
8.58429E+0,1.5627E-1,-7.0141E-2,
8.5943E+0,3.1627E-1,-6.2141E-2,
8.6043E+0,2.3627E-1,-7.0141E-2,
8.61431E+0,2.3627E-1,-7.0141E-2,
8.62431E+0,3.1627E-1,-7.8141E-2,
8.63432E+0,3.1627E-1,-7.0141E-2,
8.64432E+0,2.3627E-1,-7.0141E-2,
8.65433E+0,3.1627E-1,-7.0141E-2,
8.66433E+0,3.1627E-1,-7.0141E-2,
8.67434E+0,1.5627E-1,-8.6141E-2,
8.68434E+0,1.5627E-1,-7.8141E-2,
8.69435E+0,7.627E-2,-7.8141E-2,
8.70435E+0,7.627E-2,-7.8141E-2,
8.71436E+0,1.5627E-1,-7.0141E-2,
8.72436E+0,-3.73E-3,-7.0141E-2,
8.73437E+0,-3.73E-3,-7.8141E-2,
8.74437E+0,-3.73E-3,-7.8141E-2,
8.75438E+0,-1.6373E-1,-7.8141E-2,
8.76438E+0,-8.373E-2,-7.0141E-2,
8.77439E+0,-1.6373E-1,-8.6141E-2,
8.78439E+0,-1.6373E-1,-7.8141E-2,
8.7944E+0,-8.373E-2,-7.8141E-2,
8.8044E+0,-8.373E-2,-7.8141E-2,
8.81441E+0,-3.73E-3,-7.8141E-2,
8.82441E+0,-3.73E-3,-8.6141E-2,
8.83442E+0,-3.73E-3,-8.6141E-2,
8.84442E+0,-1.6373E-1,-8.6141E-2,
8.85443E+0,-8.373E-2,-8.6141E-2,
8.86443E+0,-1.6373E-1,-9.4141E-2,
8.87444E+0,-2.4373E-1,-8.6141E-2,
8.88444E+0,-8.373E-2,-8.6141E-2,
8.89445E+0,-1.6373E-1,-9.4141E-2,
8.90445E+0,-1.6373E-1,-9.4141E-2,
8.91446E+0,-8.373E-2,-7.8141E-2,
8.92446E+0,-3.73E-3,-8.6141E-2,
8.93447E+0,-1.6373E-1,-8.6141E-2,
8.94447E+0,-2.4373E-1,-8.6141E-2,
8.95448E+0,-1.6373E-1,-8.6141E-2,
8.96448E+0,-8.373E-2,-8.6141E-2,
8.97449E+0,-1.6373E-1,-8.6141E-2,
8.98449E+0,-1.6373E-1,-8.6141E-2,
8.9945E+0,-3.2373E-1,-8.6141E-2,
9.0045E+0,-1.6373E-1,-8.6141E-2,
9.01451E+0,-2.4373E-1,-7.8141E-2,
9.02451E+0,-3.2373E-1,-8.6141E-2,
9.03452E+0,-3.2373E-1,-7.8141E-2,
9.04452E+0,-2.4373E-1,-7.8141E-2,
9.05453E+0,-1.6373E-1,-7.0141E-2,
9.06453E+0,-1.6373E-1,-7.8141E-2,
9.07454E+0,-1.6373E-1,-7.0141E-2,
9.08454E+0,-8.373E-2,-7.0141E-2,
9.09455E+0,7.627E-2,-7.0141E-2,
9.10455E+0,1.5627E-1,-7.0141E-2,
9.11456E+0,1.5627E-1,-7.0141E-2,
9.12456E+0,-3.73E-3,-7.0141E-2,
9.13457E+0,7.627E-2,-7.0141E-2,
9.14457E+0,1.5627E-1,-6.2141E-2,
9.15458E+0,1.5627E-1,-6.2141E-2,
9.16458E+0,2.3627E-1,-7.0141E-2,
9.17459E+0,1.5627E-1,-7.0141E-2,
9.18459E+0,3.1627E-1,-6.2141E-2,
9.1946E+0,3.1627E-1,-6.2141E-2,
9.2046E+0,3.9627E-1,-7.0141E-2,
9.21461E+0,3.1627E-1,-6.2141E-2,
9.22461E+0,1.5627E-1,-6.2141E-2,
9.23462E+0,2.3627E-1,-7.0141E-2,
9.24462E+0,2.3627E-1,-6.2141E-2,
9.25463E+0,3.1627E-1,-6.2141E-2,
9.26463E+0,1.5627E-1,-6.2141E-2,
9.27464E+0,2.3627E-1,-6.2141E-2,
9.28464E+0,2.3627E-1,-6.2141E-2,
9.29465E+0,1.5627E-1,-6.2141E-2,
9.30465E+0,1.5627E-1,-7.8141E-2,
9.31466E+0,1.5627E-1,-7.0141E-2,
9.32466E+0,7.627E-2,-7.8141E-2,
9.33467E+0,-3.73E-3,-6.2141E-2,
9.34467E+0,-8.373E-2,-7.0141E-2,
9.35468E+0,-8.373E-2,-7.0141E-2,
9.36468E+0,-8.373E-2,-7.8141E-2,
9.37469E+0,-8.373E-2,-7.0141E-2,
9.38469E+0,-8.373E-2,-7.8141E-2,
9.3947E+0,-1.6373E-1,-7.8141E-2,
9.4047E+0,-8.373E-2,-7.8141E-2,
9.41471E+0,-8.373E-2,-8.6141E-2,
9.42471E+0,-8.373E-2,-7.8141E-2,
9.43472E+0,-8.373E-2,-7.8141E-2,
9.44472E+0,-3.73E-3,-7.8141E-2,
9.45473E+0,-3.73E-3,-7.8141E-2,
9.46473E+0,7.627E-2,-7.8141E-2,
9.47474E+0,-1.6373E-1,-7.8141E-2,
9.48474E+0,-2.4373E-1,-8.6141E-2,
9.49475E+0,-3.2373E-1,-7.8141E-2,
9.50475E+0,-2.4373E-1,-8.6141E-2,
9.51476E+0,-1.6373E-1,-8.6141E-2,
9.52476E+0,-2.4373E-1,-7.8141E-2,
9.53477E+0,-2.4373E-1,-7.8141E-2,
9.54477E+0,-1.6373E-1,-7.8141E-2,
9.55478E+0,-2.4373E-1,-7.8141E-2,
9.56478E+0,-2.4373E-1,-7.8141E-2,
9.57479E+0,-1.6373E-1,-7.8141E-2,
9.58479E+0,-3.2373E-1,-7.0141E-2,
9.5948E+0,-1.6373E-1,-7.8141E-2,
9.6048E+0,-2.4373E-1,-7.0141E-2,
9.61481E+0,-8.373E-2,-7.0141E-2,
9.62481E+0,-8.373E-2,-6.2141E-2,
9.63482E+0,-3.73E-3,-6.2141E-2,
9.64482E+0,1.5627E-1,-6.2141E-2,
9.65483E+0,7.627E-2,-6.2141E-2,
9.66483E+0,-3.73E-3,-6.2141E-2,
9.67484E+0,1.5627E-1,-6.2141E-2,
9.68484E+0,1.5627E-1,-5.4141E-2,
9.69485E+0,1.5627E-1,-6.2141E-2,
9.70485E+0,1.5627E-1,-5.4141E-2,
9.71486E+0,2.3627E-1,-6.2141E-2,
9.72486E+0,1.5627E-1,-5.4141E-2,
9.73487E+0,1.5627E-1,-5.4141E-2,
9.74487E+0,2.3627E-1,-4.6141E-2,
9.75488E+0,1.5627E-1,-5.4141E-2,
9.76488E+0,1.5627E-1,-4.6141E-2,
9.77489E+0,2.3627E-1,-5.4141E-2,
9.78489E+0,1.5627E-1,-6.2141E-2,
9.7949E+0,1.5627E-1,-5.4141E-2,
9.8049E+0,7.627E-2,-6.2141E-2,
9.81491E+0,7.627E-2,-5.4141E-2,
9.82491E+0,-3.73E-3,-5.4141E-2,
9.83492E+0,7.627E-2,-5.4141E-2,
9.84492E+0,-3.73E-3,-5.4141E-2,
9.85493E+0,7.627E-2,-5.4141E-2,
9.86493E+0,-3.73E-3,-6.2141E-2,
9.87494E+0,-3.73E-3,-6.2141E-2,
9.88494E+0,-8.373E-2,-5.4141E-2,
9.89495E+0,-8.373E-2,-6.2141E-2,
9.90495E+0,-1.6373E-1,-6.2141E-2,
9.91496E+0,-8.373E-2,-5.4141E-2,
9.92496E+0,-8.373E-2,-6.2141E-2,
9.93497E+0,-3.73E-3,-6.2141E-2,
9.94497E+0,1.5627E-1,-6.2141E-2,
9.95498E+0,1.5627E-1,-6.2141E-2,
9.96498E+0,1.5627E-1,-6.2141E-2,
9.97499E+0,7.627E-2,-6.2141E-2,
9.98499E+0,1.5627E-1,-6.2141E-2,
9.995E+0,7.627E-2,-6.2141E-2,
1.0005E+1,-3.73E-3,-6.2141E-2,
1.0015E+1,-8.373E-2,-6.2141E-2,
1.0025E+1,-3.73E-3,-6.2141E-2,
1.0035E+1,-8.373E-2,-6.2141E-2,
1.0045E+1,-1.6373E-1,-6.2141E-2,
1.0055E+1,-1.6373E-1,-6.2141E-2,
1.0065E+1,-1.6373E-1,-6.2141E-2,
1.0075E+1,-1.6373E-1,-6.2141E-2,
1.0085E+1,-1.6373E-1,-6.2141E-2,
1.0095E+1,-2.4373E-1,-6.2141E-2,
1.01051E+1,-1.6373E-1,-6.2141E-2,
1.01151E+1,-1.6373E-1,-7.0141E-2,
1.01251E+1,-3.2373E-1,-6.2141E-2,
1.01351E+1,-2.4373E-1,-5.4141E-2,
1.01451E+1,-1.6373E-1,-5.4141E-2,
1.01551E+1,-2.4373E-1,-5.4141E-2,
1.01651E+1,-1.6373E-1,-6.2141E-2,
1.01751E+1,-1.6373E-1,-5.4141E-2,
1.01851E+1,-3.73E-3,-4.6141E-2,
1.01951E+1,-8.373E-2,-5.4141E-2,
1.02051E+1,-8.373E-2,-4.6141E-2,
1.02151E+1,-8.373E-2,-5.4141E-2,
1.02251E+1,-3.73E-3,-5.4141E-2,
1.02351E+1,-8.373E-2,-4.6141E-2,
1.02451E+1,-8.373E-2,-3.8141E-2,
1.02551E+1,-3.73E-3,-4.6141E-2,
1.02651E+1,-3.73E-3,-4.6141E-2,
1.02751E+1,-3.73E-3,-3.8141E-2,
1.02851E+1,-3.73E-3,-4.6141E-2,
1.02951E+1,7.627E-2,-3.8141E-2,
1.03052E+1,1.5627E-1,-3.8141E-2,
1.03152E+1,1.5627E-1,-3.8141E-2,
1.03252E+1,1.5627E-1,-3.8141E-2,
1.03352E+1,2.3627E-1,-3.8141E-2,
1.03452E+1,1.5627E-1,-3.8141E-2,
1.03552E+1,2.3627E-1,-3.8141E-2,
1.03652E+1,1.5627E-1,-3.8141E-2,
1.03752E+1,7.627E-2,-3.8141E-2,
1.03852E+1,7.627E-2,-3.8141E-2,
1.03952E+1,7.627E-2,-3.0141E-2,
1.04052E+1,7.627E-2,-3.8141E-2,
1.04152E+1,1.5627E-1,-3.8141E-2,
1.04252E+1,7.627E-2,-4.6141E-2,
1.04352E+1,7.627E-2,-4.6141E-2,
1.04452E+1,1.5627E-1,-3.8141E-2,
1.04552E+1,-3.73E-3,-4.6141E-2,
1.04652E+1,-3.73E-3,-4.6141E-2,
1.04752E+1,1.5627E-1,-4.6141E-2,
1.04852E+1,7.627E-2,-4.6141E-2,
1.04952E+1,-3.73E-3,-4.6141E-2,
1.05053E+1,-3.73E-3,-4.6141E-2,
1.05153E+1,7.627E-2,-4.6141E-2,
1.05253E+1,-8.373E-2,-4.6141E-2,
1.05353E+1,-8.373E-2,-4.6141E-2,
1.05453E+1,-1.6373E-1,-5.4141E-2,
1.05553E+1,-8.373E-2,-5.4141E-2,
1.05653E+1,-8.373E-2,-4.6141E-2,
1.05753E+1,-1.6373E-1,-4.6141E-2,
1.05853E+1,-1.6373E-1,-5.4141E-2,
1.05953E+1,-1.6373E-1,-5.4141E-2,
1.06053E+1,-2.4373E-1,-5.4141E-2,
1.06153E+1,-1.6373E-1,-4.6141E-2,
1.06253E+1,-8.373E-2,-4.6141E-2,
1.06353E+1,-1.6373E-1,-4.6141E-2,
1.06453E+1,-1.6373E-1,-4.6141E-2,
1.06553E+1,-8.373E-2,-4.6141E-2,
1.06653E+1,-1.6373E-1,-4.6141E-2,
1.06753E+1,-1.6373E-1,-5.4141E-2,
1.06853E+1,-2.4373E-1,-4.6141E-2,
1.06953E+1,-2.4373E-1,-4.6141E-2,
1.07054E+1,-1.6373E-1,-4.6141E-2,
1.07154E+1,-3.73E-3,-3.8141E-2,
1.07254E+1,-3.73E-3,-3.8141E-2,
1.07354E+1,-8.373E-2,-4.6141E-2,
1.07454E+1,-8.373E-2,-4.6141E-2,
1.07554E+1,-3.73E-3,-3.8141E-2,
1.07654E+1,-3.73E-3,-3.0141E-2,
1.07754E+1,-8.373E-2,-3.8141E-2,
1.07854E+1,-8.373E-2,-3.0141E-2,
1.07954E+1,-8.373E-2,-3.0141E-2,
1.08054E+1,-8.373E-2,-3.0141E-2,
1.08154E+1,-2.4373E-1,-3.0141E-2,
1.08254E+1,-3.73E-3,-3.0141E-2,
1.08354E+1,-3.73E-3,-3.0141E-2,
1.08454E+1,7.627E-2,-2.2141E-2,
1.08554E+1,-3.73E-3,-1.4141E-2,
1.08654E+1,-3.73E-3,-2.2141E-2,
1.08754E+1,7.627E-2,-2.2141E-2,
1.08854E+1,7.627E-2,-2.2141E-2,
1.08954E+1,1.5627E-1,-1.4141E-2,
1.09055E+1,-3.73E-3,-1.4141E-2,
1.09155E+1,-8.373E-2,-2.2141E-2,
1.09255E+1,-3.73E-3,-2.2141E-2,
1.09355E+1,7.627E-2,-2.2141E-2,
1.09455E+1,7.627E-2,-1.4141E-2,
1.09555E+1,7.627E-2,-1.4141E-2,
1.09655E+1,2.3627E-1,-1.4141E-2,
1.09755E+1,2.3627E-1,-2.2141E-2,
1.09855E+1,1.5627E-1,-3.0141E-2,
1.09955E+1,1.5627E-1,-2.2141E-2,
1.10055E+1,1.5627E-1,-2.2141E-2,
1.10155E+1,1.5627E-1,-2.2141E-2,
1.10255E+1,1.5627E-1,-2.2141E-2,
1.10355E+1,2.3627E-1,-3.0141E-2,
1.10455E+1,1.5627E-1,-2.2141E-2,
1.10555E+1,1.5627E-1,-3.0141E-2,
1.10655E+1,2.3627E-1,-2.2141E-2,
1.10755E+1,2.3627E-1,-3.0141E-2,
1.10855E+1,7.627E-2,-3.0141E-2,
1.10955E+1,7.627E-2,-3.0141E-2,
1.11056E+1,-3.73E-3,-3.0141E-2,
1.11156E+1,1.5627E-1,-3.8141E-2,
1.11256E+1,7.627E-2,-3.8141E-2,
1.11356E+1,-1.6373E-1,-3.8141E-2,
1.11456E+1,-1.6373E-1,-3.0141E-2,
1.11556E+1,-1.6373E-1,-3.8141E-2,
1.11656E+1,-8.373E-2,-3.0141E-2,
1.11756E+1,-8.373E-2,-3.0141E-2,
1.11856E+1,-3.2373E-1,-3.0141E-2,
1.11956E+1,-3.2373E-1,-3.8141E-2,
1.12056E+1,-2.4373E-1,-3.0141E-2,
1.12156E+1,-1.6373E-1,-3.8141E-2,
1.12256E+1,-2.4373E-1,-3.0141E-2,
1.12356E+1,-2.4373E-1,-3.8141E-2,
1.12456E+1,-1.6373E-1,-3.0141E-2,
1.12556E+1,-1.6373E-1,-2.2141E-2,
1.12656E+1,-8.373E-2,-2.2141E-2,
1.12756E+1,-1.6373E-1,-3.0141E-2,
1.12856E+1,-1.6373E-1,-3.0141E-2,
1.12956E+1,-1.6373E-1,-3.0141E-2,
1.13057E+1,-2.4373E-1,-2.2141E-2,
1.13157E+1,-2.4373E-1,-2.2141E-2,
1.13257E+1,-1.6373E-1,-1.4141E-2,
1.13357E+1,-2.4373E-1,-1.4141E-2,
1.13457E+1,-1.6373E-1,-2.2141E-2,
1.13557E+1,-1.6373E-1,-1.4141E-2,
1.13657E+1,-8.373E-2,-1.4141E-2,
1.13757E+1,-3.73E-3,-6.141E-3,
1.13857E+1,1.5627E-1,-1.4141E-2,
1.13957E+1,1.5627E-1,-6.141E-3,
1.14057E+1,1.5627E-1,-6.141E-3,
1.14157E+1,1.5627E-1,-6.141E-3,
1.14257E+1,2.3627E-1,-6.141E-3,
1.14357E+1,1.5627E-1,-6.141E-3,
1.14457E+1,1.5627E-1,-6.141E-3,
1.14557E+1,-8.373E-2,-6.141E-3,
1.14657E+1,7.627E-2,-6.141E-3,
1.14757E+1,-8.373E-2,-6.141E-3,
1.14857E+1,-8.373E-2,1.859E-3,
1.14957E+1,-3.73E-3,1.859E-3,
1.15058E+1,-3.73E-3,1.859E-3,
1.15158E+1,7.627E-2,-6.141E-3,
1.15258E+1,2.3627E-1,-6.141E-3,
1.15358E+1,2.3627E-1,-6.141E-3,
1.15458E+1,1.5627E-1,-6.141E-3,
1.15558E+1,1.5627E-1,-6.141E-3,
1.15658E+1,7.627E-2,-6.141E-3,
1.15758E+1,7.627E-2,-6.141E-3,
1.15858E+1,7.627E-2,-6.141E-3,
1.15958E+1,1.5627E-1,-6.141E-3,
1.16058E+1,1.5627E-1,-1.4141E-2,
1.16158E+1,7.627E-2,-1.4141E-2,
1.16258E+1,7.627E-2,-6.141E-3,
1.16358E+1,7.627E-2,-1.4141E-2,
1.16458E+1,-3.73E-3,-1.4141E-2,
1.16558E+1,-3.73E-3,-1.4141E-2,
1.16658E+1,-1.6373E-1,-1.4141E-2,
1.16758E+1,-1.6373E-1,-1.4141E-2,
1.16858E+1,-1.6373E-1,-1.4141E-2,
1.16958E+1,-1.6373E-1,-1.4141E-2,
1.17059E+1,-3.73E-3,-1.4141E-2,
1.17159E+1,-8.373E-2,-1.4141E-2,
1.17259E+1,-8.373E-2,-1.4141E-2,
1.17359E+1,-8.373E-2,-2.2141E-2,
1.17459E+1,-3.73E-3,-1.4141E-2,
1.17559E+1,-1.6373E-1,-2.2141E-2,
1.17659E+1,-1.6373E-1,-1.4141E-2,
1.17759E+1,-1.6373E-1,-1.4141E-2,
1.17859E+1,-1.6373E-1,-1.4141E-2,
1.17959E+1,-2.4373E-1,-1.4141E-2,
1.18059E+1,-8.373E-2,-1.4141E-2,
1.18159E+1,-2.4373E-1,-6.141E-3,
1.18259E+1,-2.4373E-1,-1.4141E-2,
1.18359E+1,-1.6373E-1,-1.4141E-2,
1.18459E+1,-1.6373E-1,-1.4141E-2,
1.18559E+1,-1.6373E-1,-6.141E-3,
1.18659E+1,-2.4373E-1,-6.141E-3,
1.18759E+1,-8.373E-2,-6.141E-3,
1.18859E+1,-8.373E-2,-6.141E-3,
1.18959E+1,-8.373E-2,-6.141E-3,
1.1906E+1,-3.73E-3,1.859E-3,
1.1916E+1,-8.373E-2,-6.141E-3,
1.1926E+1,-3.73E-3,1.859E-3,
1.1936E+1,-8.373E-2,1.859E-3,
1.1946E+1,-8.373E-2,9.859E-3,
1.1956E+1,-3.73E-3,9.859E-3,
1.1966E+1,-3.73E-3,1.7859E-2,
1.1976E+1,-3.73E-3,9.859E-3,
1.1986E+1,1.5627E-1,1.859E-3,
1.1996E+1,1.5627E-1,9.859E-3,
1.2006E+1,1.5627E-1,1.7859E-2,
1.2016E+1,1.5627E-1,9.859E-3,
1.2026E+1,2.3627E-1,9.859E-3,
1.2036E+1,3.1627E-1,9.859E-3,
1.2046E+1,2.3627E-1,1.7859E-2,
1.2056E+1,2.3627E-1,1.7859E-2,
1.2066E+1,1.5627E-1,9.859E-3,
1.2076E+1,1.5627E-1,9.859E-3,
1.2086E+1,1.5627E-1,1.7859E-2,
1.2096E+1,2.3627E-1,9.859E-3,
1.21061E+1,2.3627E-1,1.7859E-2,
1.21161E+1,-8.373E-2,9.859E-3,
1.21261E+1,-3.73E-3,9.859E-3,
1.21361E+1,7.627E-2,9.859E-3,
1.21461E+1,1.5627E-1,9.859E-3,
1.21561E+1,1.5627E-1,9.859E-3,
1.21661E+1,1.5627E-1,9.859E-3,
1.21761E+1,2.3627E-1,9.859E-3,
1.21861E+1,1.5627E-1,9.859E-3,
1.21961E+1,7.627E-2,1.859E-3,
1.22061E+1,7.627E-2,1.859E-3,
1.22161E+1,-3.73E-3,9.859E-3,
1.22261E+1,7.627E-2,1.859E-3,
1.22361E+1,7.627E-2,-6.141E-3,
1.22461E+1,-3.73E-3,-6.141E-3,
1.22561E+1,-3.73E-3,1.859E-3,
1.22661E+1,-3.73E-3,-6.141E-3,
1.22761E+1,-3.73E-3,-6.141E-3,
1.22861E+1,-1.6373E-1,1.859E-3,
1.22961E+1,-2.4373E-1,1.859E-3,
1.23062E+1,-1.6373E-1,-6.141E-3,
1.23162E+1,-8.373E-2,-6.141E-3,
1.23262E+1,-1.6373E-1,1.859E-3,
1.23362E+1,-2.4373E-1,1.859E-3,
1.23462E+1,-4.0373E-1,1.859E-3,
1.23562E+1,-3.2373E-1,1.859E-3,
1.23662E+1,-2.4373E-1,-6.141E-3,
1.23762E+1,-3.2373E-1,1.859E-3,
1.23862E+1,-1.6373E-1,1.859E-3,
1.23962E+1,-2.4373E-1,1.859E-3,
1.24062E+1,-2.4373E-1,9.859E-3,
1.24162E+1,-3.2373E-1,9.859E-3,
1.24262E+1,-1.6373E-1,1.859E-3,
1.24362E+1,-1.6373E-1,1.7859E-2,
1.24462E+1,-2.4373E-1,9.859E-3,
1.24562E+1,-2.4373E-1,9.859E-3,
1.24662E+1,-3.2373E-1,1.7859E-2,
1.24762E+1,-2.4373E-1,1.7859E-2,
1.24862E+1,-1.6373E-1,1.7859E-2,
1.24962E+1,-8.373E-2,2.5859E-2,
1.25063E+1,-3.2373E-1,2.5859E-2,
1.25163E+1,-2.4373E-1,1.7859E-2,
1.25263E+1,-1.6373E-1,1.7859E-2,
1.25363E+1,-1.6373E-1,1.7859E-2,
1.25463E+1,-8.373E-2,3.3859E-2,
1.25563E+1,-3.73E-3,3.3859E-2,
1.25663E+1,-3.73E-3,2.5859E-2,
1.25763E+1,-8.373E-2,3.3859E-2,
1.25863E+1,-3.73E-3,3.3859E-2,
1.25963E+1,7.627E-2,4.1859E-2,
1.26063E+1,7.627E-2,3.3859E-2,
1.26163E+1,7.627E-2,2.5859E-2,
1.26263E+1,1.5627E-1,3.3859E-2,
1.26363E+1,2.3627E-1,3.3859E-2,
1.26463E+1,1.5627E-1,2.5859E-2,
1.26563E+1,1.5627E-1,3.3859E-2,
1.26663E+1,1.5627E-1,2.5859E-2,
1.26763E+1,1.5627E-1,3.3859E-2,
1.26863E+1,2.3627E-1,3.3859E-2,
1.26963E+1,2.3627E-1,2.5859E-2,
1.27064E+1,3.1627E-1,2.5859E-2,
1.27164E+1,2.3627E-1,2.5859E-2,
1.27264E+1,2.3627E-1,2.5859E-2,
1.27364E+1,7.627E-2,3.3859E-2,
1.27464E+1,7.627E-2,1.7859E-2,
1.27564E+1,7.627E-2,2.5859E-2,
1.27664E+1,-3.73E-3,2.5859E-2,
1.27764E+1,-3.73E-3,1.7859E-2,
1.27864E+1,-3.73E-3,2.5859E-2,
1.27964E+1,7.627E-2,1.7859E-2,
1.28064E+1,7.627E-2,9.859E-3,
1.28164E+1,-3.73E-3,1.7859E-2,
1.28264E+1,-3.73E-3,9.859E-3,
1.28364E+1,-3.73E-3,1.7859E-2,
1.28464E+1,7.627E-2,1.7859E-2,
1.28564E+1,-3.73E-3,9.859E-3,
1.28664E+1,-8.373E-2,1.7859E-2,
1.28764E+1,-8.373E-2,1.7859E-2,
1.28864E+1,-8.373E-2,1.7859E-2,
1.28964E+1,-8.373E-2,1.7859E-2,
1.29065E+1,-2.4373E-1,1.7859E-2,
1.29165E+1,-3.2373E-1,1.7859E-2,
1.29265E+1,-2.4373E-1,1.7859E-2,
1.29365E+1,-1.6373E-1,1.7859E-2,
1.29465E+1,-3.2373E-1,1.7859E-2,
1.29565E+1,-1.6373E-1,1.7859E-2,
1.29665E+1,-2.4373E-1,2.5859E-2,
1.29765E+1,-2.4373E-1,1.7859E-2,
1.29865E+1,-2.4373E-1,2.5859E-2,
1.29965E+1,-2.4373E-1,2.5859E-2,
1.30065E+1,-2.4373E-1,3.3859E-2,
1.30165E+1,-8.373E-2,3.3859E-2,
1.30265E+1,-8.373E-2,3.3859E-2,
1.30365E+1,-3.73E-3,3.3859E-2,
1.30465E+1,-8.373E-2,2.5859E-2,
1.30565E+1,-8.373E-2,3.3859E-2,
1.30665E+1,-8.373E-2,4.1859E-2,
1.30765E+1,-8.373E-2,4.1859E-2,
1.30865E+1,-8.373E-2,4.1859E-2,
1.30965E+1,7.627E-2,4.1859E-2,
1.31066E+1,-3.73E-3,4.1859E-2,
1.31166E+1,7.627E-2,4.1859E-2,
1.31266E+1,7.627E-2,4.9859E-2,
1.31366E+1,1.5627E-1,4.9859E-2,
1.31466E+1,7.627E-2,4.9859E-2,
1.31566E+1,7.627E-2,4.1859E-2,
1.31666E+1,1.5627E-1,4.9859E-2,
1.31766E+1,2.3627E-1,5.7859E-2,
1.31866E+1,3.1627E-1,4.9859E-2,
1.31966E+1,2.3627E-1,4.9859E-2,
1.32066E+1,3.1627E-1,4.9859E-2,
1.32166E+1,2.3627E-1,4.9859E-2,
1.32266E+1,1.5627E-1,4.9859E-2,
1.32366E+1,1.5627E-1,4.9859E-2,
1.32466E+1,3.9627E-1,4.9859E-2,
1.32566E+1,1.5627E-1,4.1859E-2,
1.32666E+1,1.5627E-1,4.9859E-2,
1.32766E+1,2.3627E-1,4.9859E-2,
1.32866E+1,1.5627E-1,4.1859E-2,
1.32966E+1,1.5627E-1,4.1859E-2,
1.33067E+1,7.627E-2,4.1859E-2,
1.33167E+1,7.627E-2,4.1859E-2,
1.33267E+1,-3.73E-3,3.3859E-2,
1.33367E+1,7.627E-2,4.1859E-2,
1.33467E+1,7.627E-2,4.1859E-2,
1.33567E+1,7.627E-2,3.3859E-2,
1.33667E+1,7.627E-2,4.1859E-2,
1.33767E+1,7.627E-2,3.3859E-2,
1.33867E+1,7.627E-2,3.3859E-2,
1.33967E+1,-3.73E-3,3.3859E-2,
1.34067E+1,-8.373E-2,3.3859E-2,
1.34167E+1,-1.6373E-1,4.1859E-2,
1.34267E+1,-1.6373E-1,3.3859E-2,
1.34367E+1,-1.6373E-1,3.3859E-2,
1.34467E+1,-3.2373E-1,4.1859E-2,
1.34567E+1,-2.4373E-1,4.1859E-2,
1.34667E+1,-1.6373E-1,2.5859E-2,
1.34767E+1,-2.4373E-1,4.1859E-2,
1.34867E+1,-1.6373E-1,3.3859E-2,
1.34967E+1,-2.4373E-1,3.3859E-2,
1.35068E+1,-1.6373E-1,4.1859E-2,
1.35168E+1,-1.6373E-1,3.3859E-2,
1.35268E+1,-8.373E-2,4.1859E-2,
1.35368E+1,-2.4373E-1,4.1859E-2,
1.35468E+1,-3.2373E-1,4.1859E-2,
1.35568E+1,-2.4373E-1,4.1859E-2,
1.35668E+1,-1.6373E-1,4.1859E-2,
1.35768E+1,-1.6373E-1,4.9859E-2,
1.35868E+1,-3.2373E-1,4.9859E-2,
1.35968E+1,-3.2373E-1,4.9859E-2,
1.36068E+1,-2.4373E-1,5.7859E-2,
1.36168E+1,-1.6373E-1,4.9859E-2,
1.36268E+1,-3.73E-3,5.7859E-2,
1.36368E+1,-8.373E-2,5.7859E-2,
1.36468E+1,-8.373E-2,5.7859E-2,
1.36568E+1,-3.73E-3,6.5859E-2,
1.36668E+1,-3.73E-3,6.5859E-2,
1.36768E+1,-3.73E-3,5.7859E-2,
1.36868E+1,7.627E-2,6.5859E-2,
1.36968E+1,3.1627E-1,6.5859E-2,
1.37069E+1,2.3627E-1,5.7859E-2,
1.37169E+1,3.1627E-1,5.7859E-2,
1.37269E+1,3.1627E-1,5.7859E-2,
1.37369E+1,4.7627E-1,7.3859E-2,
1.37469E+1,5.5627E-1,6.5859E-2,
1.37569E+1,5.5627E-1,6.5859E-2,
1.37669E+1,6.3627E-1,6.5859E-2,
1.37769E+1,7.1627E-1,6.5859E-2,
1.37869E+1,9.5627E-1,6.5859E-2,
1.37969E+1,1.11627E+0,6.5859E-2,
1.38069E+1,1.27627E+0,6.5859E-2,
1.38169E+1,1.35627E+0,6.5859E-2,
1.38269E+1,1.51627E+0,7.3859E-2,
1.38369E+1,1.75627E+0,6.5859E-2,
1.38469E+1,1.99627E+0,5.7859E-2,
1.38569E+1,2.15627E+0,5.7859E-2,
1.38669E+1,2.23627E+0,5.7859E-2,
1.38769E+1,2.15627E+0,5.7859E-2,
1.38869E+1,2.23627E+0,6.5859E-2,
1.38969E+1,2.31627E+0,5.7859E-2,
1.3907E+1,2.31627E+0,5.7859E-2,
1.3917E+1,2.15627E+0,5.7859E-2,
1.3927E+1,1.91627E+0,5.7859E-2,
1.3937E+1,1.75627E+0,5.7859E-2,
1.3947E+1,1.43627E+0,5.7859E-2,
1.3957E+1,1.03627E+0,5.7859E-2,
1.3967E+1,5.5627E-1,4.9859E-2,
1.3977E+1,2.3627E-1,5.7859E-2,
1.3987E+1,-3.2373E-1,5.7859E-2,
1.3997E+1,-7.2373E-1,5.7859E-2,
1.4007E+1,-1.20373E+0,4.9859E-2,
1.4017E+1,-1.68373E+0,4.9859E-2,
1.4027E+1,-2.00373E+0,4.9859E-2,
1.4037E+1,-2.56373E+0,4.9859E-2,
1.4047E+1,-2.88373E+0,4.9859E-2,
1.4057E+1,-3.20373E+0,5.7859E-2,
1.4067E+1,-3.36373E+0,4.9859E-2,
1.4077E+1,-3.68373E+0,5.7859E-2,
1.4087E+1,-3.92373E+0,5.7859E-2,
1.4097E+1,-4.00373E+0,6.5859E-2,
1.41071E+1,-4.00373E+0,5.7859E-2,
1.41171E+1,-4.08373E+0,5.7859E-2,
1.41271E+1,-3.92373E+0,6.5859E-2,
1.41371E+1,-3.76373E+0,7.3859E-2,
1.41471E+1,-3.68373E+0,5.7859E-2,
1.41571E+1,-3.36373E+0,6.5859E-2,
1.41671E+1,-3.20373E+0,6.5859E-2,
1.41771E+1,-3.04373E+0,7.3859E-2,
1.41871E+1,-2.64373E+0,7.3859E-2,
1.41971E+1,-2.32373E+0,7.3859E-2,
1.42071E+1,-2.00373E+0,7.3859E-2,
1.42171E+1,-1.44373E+0,7.3859E-2,
1.42271E+1,-8.8373E-1,8.1859E-2,
1.42371E+1,-4.8373E-1,7.3859E-2,
1.42471E+1,-8.373E-2,8.1859E-2,
1.42571E+1,1.5627E-1,8.1859E-2,
1.42671E+1,5.5627E-1,7.3859E-2,
1.42771E+1,9.5627E-1,8.1859E-2,
1.42871E+1,9.5627E-1,8.9859E-2,
1.42971E+1,1.35627E+0,8.1859E-2,
1.43072E+1,1.43627E+0,8.1859E-2,
1.43172E+1,1.43627E+0,8.1859E-2,
1.43272E+1,1.43627E+0,8.1859E-2,
1.43372E+1,1.43627E+0,8.1859E-2,
1.43472E+1,1.67627E+0,8.1859E-2,
1.43572E+1,1.59627E+0,8.1859E-2,
1.43672E+1,1.51627E+0,8.1859E-2,
1.43772E+1,1.51627E+0,8.1859E-2,
1.43872E+1,1.43627E+0,8.9859E-2,
1.43972E+1,1.35627E+0,8.9859E-2,
1.44072E+1,1.43627E+0,8.1859E-2,
1.44172E+1,1.03627E+0,8.9859E-2,
1.44272E+1,9.5627E-1,8.1859E-2,
1.44372E+1,1.03627E+0,8.1859E-2,
1.44472E+1,9.5627E-1,8.1859E-2,
1.44572E+1,9.5627E-1,8.1859E-2,
1.44672E+1,8.7627E-1,7.3859E-2,
1.44772E+1,7.9627E-1,8.1859E-2,
1.44872E+1,6.3627E-1,7.3859E-2,
1.44972E+1,5.5627E-1,7.3859E-2,
1.45073E+1,3.9627E-1,7.3859E-2,
1.45173E+1,3.9627E-1,6.5859E-2,
1.45273E+1,3.9627E-1,7.3859E-2,
1.45373E+1,3.1627E-1,7.3859E-2,
1.45473E+1,3.1627E-1,7.3859E-2,
1.45573E+1,2.3627E-1,6.5859E-2,
1.45673E+1,1.5627E-1,7.3859E-2,
1.45773E+1,-8.373E-2,7.3859E-2,
1.45873E+1,-3.73E-3,7.3859E-2,
1.45973E+1,-8.373E-2,6.5859E-2,
1.46073E+1,-8.373E-2,7.3859E-2,
1.46173E+1,-8.373E-2,6.5859E-2,
1.46273E+1,-3.73E-3,7.3859E-2,
1.46373E+1,-8.373E-2,7.3859E-2,
1.46473E+1,-3.73E-3,7.3859E-2,
1.46573E+1,-1.6373E-1,7.3859E-2,
1.46673E+1,-3.2373E-1,8.1859E-2,
1.46773E+1,-8.373E-2,7.3859E-2,
1.46873E+1,-8.373E-2,8.1859E-2,
1.46973E+1,-3.73E-3,8.1859E-2,
1.47074E+1,-3.73E-3,8.1859E-2,
1.47174E+1,7.627E-2,8.1859E-2,
1.47274E+1,-3.73E-3,8.1859E-2,
1.47374E+1,7.627E-2,8.1859E-2,
1.47474E+1,7.627E-2,8.1859E-2,
1.47574E+1,7.627E-2,8.9859E-2,
1.47674E+1,-3.73E-3,9.7859E-2,
1.47774E+1,-3.73E-3,8.9859E-2,
1.47874E+1,7.627E-2,9.7859E-2,
1.47974E+1,-8.373E-2,9.7859E-2,
1.48074E+1,-8.373E-2,8.9859E-2,
1.48174E+1,-8.373E-2,1.05859E-1,
1.48274E+1,-8.373E-2,9.7859E-2,
1.48374E+1,-8.373E-2,9.7859E-2,
1.48474E+1,-3.73E-3,9.7859E-2,
1.48574E+1,7.627E-2,1.05859E-1,
1.48674E+1,1.5627E-1,9.7859E-2,
1.48774E+1,1.5627E-1,1.05859E-1,
1.48874E+1,1.5627E-1,1.05859E-1,
1.48974E+1,1.5627E-1,1.05859E-1,
1.49075E+1,7.627E-2,1.05859E-1,
1.49175E+1,7.627E-2,1.05859E-1,
1.49275E+1,7.627E-2,9.7859E-2,
1.49375E+1,7.627E-2,9.7859E-2,
1.49475E+1,2.3627E-1,9.7859E-2,
1.49575E+1,2.3627E-1,9.7859E-2,
1.49675E+1,2.3627E-1,1.05859E-1,
1.49775E+1,1.5627E-1,1.05859E-1,
1.49875E+1,1.5627E-1,8.9859E-2,
1.49975E+1,7.627E-2,9.7859E-2,
1.50075E+1,1.5627E-1,1.05859E-1,
1.50175E+1,7.627E-2,9.7859E-2,
1.50275E+1,7.627E-2,8.9859E-2,
1.50375E+1,-3.73E-3,9.7859E-2,
1.50475E+1,7.627E-2,9.7859E-2,
1.50575E+1,-3.73E-3,8.1859E-2,
1.50675E+1,-3.73E-3,8.9859E-2,
1.50775E+1,1.5627E-1,8.9859E-2,
1.50875E+1,7.627E-2,9.7859E-2,
1.50975E+1,-3.73E-3,9.7859E-2,
1.51076E+1,-8.373E-2,8.9859E-2,
1.51176E+1,-8.373E-2,8.9859E-2,
1.51276E+1,-8.373E-2,8.9859E-2,
1.51376E+1,-2.4373E-1,8.1859E-2,
1.51476E+1,-8.373E-2,8.1859E-2,
1.51576E+1,-1.6373E-1,8.9859E-2,
1.51676E+1,-2.4373E-1,8.9859E-2,
1.51776E+1,-8.373E-2,8.9859E-2,
1.51876E+1,-1.6373E-1,8.9859E-2,
1.51976E+1,-2.4373E-1,9.7859E-2,
1.52076E+1,-1.6373E-1,9.7859E-2,
1.52176E+1,-1.6373E-1,8.9859E-2,
1.52276E+1,-8.373E-2,8.9859E-2,
1.52376E+1,-8.373E-2,9.7859E-2,
1.52476E+1,-1.6373E-1,9.7859E-2,
1.52576E+1,-3.2373E-1,9.7859E-2,
1.52676E+1,-3.2373E-1,9.7859E-2,
1.52776E+1,-2.4373E-1,8.9859E-2,
1.52876E+1,-2.4373E-1,1.05859E-1,
1.52976E+1,-2.4373E-1,8.9859E-2,
1.53077E+1,-3.2373E-1,9.7859E-2,
1.53177E+1,-1.6373E-1,1.13859E-1,
1.53277E+1,-1.6373E-1,1.13859E-1,
1.53377E+1,-1.6373E-1,1.13859E-1,
1.53477E+1,-8.373E-2,1.13859E-1,
1.53577E+1,-8.373E-2,1.13859E-1,
1.53677E+1,-3.2373E-1,1.13859E-1,
1.53777E+1,-8.373E-2,1.13859E-1,
1.53877E+1,-1.6373E-1,1.13859E-1,
1.53977E+1,-8.373E-2,1.13859E-1,
1.54077E+1,-3.73E-3,1.21859E-1,
1.54177E+1,7.627E-2,1.21859E-1,
1.54277E+1,7.627E-2,1.21859E-1,
1.54377E+1,7.627E-2,1.21859E-1,
1.54477E+1,1.5627E-1,1.21859E-1,
1.54577E+1,2.3627E-1,1.21859E-1,
1.54677E+1,1.5627E-1,1.21859E-1,
1.54777E+1,2.3627E-1,1.21859E-1,
1.54877E+1,1.5627E-1,1.29859E-1,
1.54977E+1,2.3627E-1,1.13859E-1,
1.55078E+1,1.5627E-1,1.21859E-1,
1.55178E+1,3.1627E-1,1.21859E-1,
1.55278E+1,2.3627E-1,1.21859E-1,
1.55378E+1,2.3627E-1,1.13859E-1,
1.55478E+1,1.5627E-1,1.21859E-1,
1.55578E+1,2.3627E-1,1.21859E-1,
1.55678E+1,1.5627E-1,1.13859E-1,
1.55778E+1,1.5627E-1,1.13859E-1,
1.55878E+1,1.5627E-1,1.13859E-1,
1.55978E+1,7.627E-2,1.13859E-1,
1.56078E+1,7.627E-2,1.05859E-1,
1.56178E+1,7.627E-2,1.13859E-1,
1.56278E+1,7.627E-2,1.05859E-1,
1.56378E+1,-1.6373E-1,1.13859E-1,
1.56478E+1,-3.73E-3,1.13859E-1,
1.56578E+1,-3.73E-3,1.13859E-1,
1.56678E+1,-3.73E-3,1.05859E-1,
1.56778E+1,-1.6373E-1,1.13859E-1,
1.56878E+1,-8.373E-2,1.05859E-1,
1.56978E+1,-2.4373E-1,1.13859E-1,
1.57079E+1,-8.373E-2,1.05859E-1,
1.57179E+1,-8.373E-2,1.05859E-1,
1.57279E+1,-1.6373E-1,1.05859E-1,
1.57379E+1,-2.4373E-1,1.05859E-1,
1.57479E+1,-3.2373E-1,1.05859E-1,
1.57579E+1,-2.4373E-1,1.05859E-1,
1.57679E+1,-4.8373E-1,1.13859E-1,
1.57779E+1,-4.0373E-1,1.13859E-1,
1.57879E+1,-4.8373E-1,1.05859E-1,
1.57979E+1,-5.6373E-1,1.13859E-1,
1.58079E+1,-5.6373E-1,1.05859E-1,
1.58179E+1,-4.0373E-1,1.05859E-1,
1.58279E+1,-4.8373E-1,1.21859E-1,
1.58379E+1,-4.8373E-1,1.21859E-1,
1.58479E+1,-6.4373E-1,1.13859E-1,
1.58579E+1,-4.8373E-1,1.21859E-1,
1.58679E+1,-4.8373E-1,1.21859E-1,
1.58779E+1,-5.6373E-1,1.21859E-1,
1.58879E+1,-3.2373E-1,1.21859E-1,
1.58979E+1,-4.0373E-1,1.29859E-1,
1.5908E+1,-2.4373E-1,1.37859E-1,
1.5918E+1,-1.6373E-1,1.29859E-1,
1.5928E+1,-8.373E-2,1.29859E-1,
1.5938E+1,-1.6373E-1,1.29859E-1,
1.5948E+1,7.627E-2,1.37859E-1,
1.5958E+1,-8.373E-2,1.29859E-1,
1.5968E+1,7.627E-2,1.37859E-1,
1.5978E+1,2.3627E-1,1.37859E-1,
1.5988E+1,2.3627E-1,1.37859E-1,
1.5998E+1,3.1627E-1,1.37859E-1,
1.6008E+1,3.1627E-1,1.37859E-1,
1.6018E+1,7.627E-2,1.37859E-1,
1.6028E+1,-1.6373E-1,1.37859E-1,
1.6038E+1,3.1627E-1,1.37859E-1,
1.6048E+1,3.9627E-1,1.37859E-1,
1.6058E+1,3.1627E-1,1.37859E-1,
1.6068E+1,3.9627E-1,1.37859E-1,
1.6078E+1,3.9627E-1,1.45859E-1,
1.6088E+1,3.9627E-1,1.37859E-1,
1.6098E+1,3.1627E-1,1.37859E-1,
1.61081E+1,3.9627E-1,1.37859E-1,
1.61181E+1,4.7627E-1,1.37859E-1,
1.61281E+1,6.3627E-1,1.37859E-1,
1.61381E+1,5.5627E-1,1.29859E-1,
1.61481E+1,3.1627E-1,1.37859E-1,
1.61581E+1,3.1627E-1,1.29859E-1,
1.61681E+1,2.3627E-1,1.29859E-1,
1.61781E+1,2.3627E-1,1.29859E-1,
1.61881E+1,3.1627E-1,1.29859E-1,
1.61981E+1,2.3627E-1,1.29859E-1,
1.62081E+1,1.5627E-1,1.29859E-1,
1.62181E+1,7.627E-2,1.21859E-1,
1.62281E+1,1.5627E-1,1.29859E-1,
1.62381E+1,7.627E-2,1.29859E-1,
1.62481E+1,-3.73E-3,1.21859E-1,
1.62581E+1,-3.73E-3,1.29859E-1,
1.62681E+1,7.627E-2,1.21859E-1,
1.62781E+1,-8.373E-2,1.21859E-1,
1.62881E+1,-8.373E-2,1.29859E-1,
1.62981E+1,-8.373E-2,1.21859E-1,
1.63082E+1,-3.73E-3,1.21859E-1,
1.63182E+1,7.627E-2,1.21859E-1,
1.63282E+1,-8.373E-2,1.29859E-1,
1.63382E+1,-2.4373E-1,1.29859E-1,
1.63482E+1,-2.4373E-1,1.29859E-1,
1.63582E+1,-2.4373E-1,1.29859E-1,
1.63682E+1,-3.2373E-1,1.29859E-1,
1.63782E+1,-2.4373E-1,1.37859E-1,
1.63882E+1,-3.2373E-1,1.29859E-1,
1.63982E+1,-2.4373E-1,1.29859E-1,
1.64082E+1,-2.4373E-1,1.37859E-1,
1.64182E+1,-8.373E-2,1.29859E-1,
1.64282E+1,-2.4373E-1,1.37859E-1,
1.64382E+1,-8.373E-2,1.37859E-1,
1.64482E+1,-8.373E-2,1.45859E-1,
1.64582E+1,-8.373E-2,1.45859E-1,
1.64682E+1,-8.373E-2,1.45859E-1,
1.64782E+1,-3.73E-3,1.45859E-1,
1.64882E+1,-3.73E-3,1.53859E-1,
1.64982E+1,-8.373E-2,1.45859E-1,
1.65083E+1,-3.73E-3,1.45859E-1,
1.65183E+1,-3.73E-3,1.45859E-1,
1.65283E+1,-8.373E-2,1.45859E-1,
1.65383E+1,7.627E-2,1.45859E-1,
1.65483E+1,-8.373E-2,1.45859E-1,
1.65583E+1,-3.73E-3,1.53859E-1,
1.65683E+1,-3.73E-3,1.53859E-1,
1.65783E+1,7.627E-2,1.53859E-1,
1.65883E+1,1.5627E-1,1.53859E-1,
1.65983E+1,3.1627E-1,1.61859E-1,
1.66083E+1,1.5627E-1,1.61859E-1,
1.66183E+1,2.3627E-1,1.53859E-1,
1.66283E+1,1.5627E-1,1.53859E-1,
1.66383E+1,1.5627E-1,1.53859E-1,
1.66483E+1,1.5627E-1,1.45859E-1,
1.66583E+1,2.3627E-1,1.53859E-1,
1.66683E+1,1.5627E-1,1.53859E-1,
1.66783E+1,2.3627E-1,1.45859E-1,
1.66883E+1,1.5627E-1,1.45859E-1,
1.66983E+1,7.627E-2,1.53859E-1,
1.67084E+1,2.3627E-1,1.45859E-1,
1.67184E+1,7.627E-2,1.45859E-1,
1.67284E+1,7.627E-2,1.45859E-1,
1.67384E+1,7.627E-2,1.45859E-1,
1.67484E+1,7.627E-2,1.45859E-1,
1.67584E+1,-8.373E-2,1.45859E-1,
1.67684E+1,7.627E-2,1.37859E-1,
1.67784E+1,-3.73E-3,1.45859E-1,
1.67884E+1,1.5627E-1,1.37859E-1,
1.67984E+1,7.627E-2,1.45859E-1,
1.68084E+1,7.627E-2,1.37859E-1,
1.68184E+1,7.627E-2,1.37859E-1,
1.68284E+1,-3.73E-3,1.37859E-1,
1.68384E+1,-3.73E-3,1.45859E-1,
1.68484E+1,-3.73E-3,1.37859E-1,
1.68584E+1,-8.373E-2,1.45859E-1,
1.68684E+1,-3.73E-3,1.45859E-1,
1.68784E+1,-8.373E-2,1.37859E-1,
1.68884E+1,-8.373E-2,1.45859E-1,
1.68984E+1,-2.4373E-1,1.37859E-1,
1.69085E+1,-2.4373E-1,1.45859E-1,
1.69185E+1,-3.2373E-1,1.45859E-1,
1.69285E+1,-3.2373E-1,1.37859E-1,
1.69385E+1,-2.4373E-1,1.45859E-1,
1.69485E+1,-1.6373E-1,1.45859E-1,
1.69585E+1,-3.2373E-1,1.45859E-1,
1.69685E+1,-3.2373E-1,1.53859E-1,
1.69785E+1,-2.4373E-1,1.45859E-1,
1.69885E+1,-2.4373E-1,-7.0141E-2,
1.69985E+1,-3.2373E-1,-1.34141E-1,
1.70085E+1,-2.4373E-1,-1.58141E-1,
1.70185E+1,-8.373E-2,-1.58141E-1,
1.70285E+1,-1.6373E-1,-1.58141E-1,
1.70385E+1,-1.6373E-1,-1.58141E-1,
1.70485E+1,-1.6373E-1,-1.50141E-1,
1.70585E+1,-1.6373E-1,-1.50141E-1,
1.70685E+1,-3.73E-3,-1.58141E-1,
1.70785E+1,-1.6373E-1,-1.50141E-1,
1.70885E+1,-8.373E-2,-1.58141E-1,
1.70985E+1,-3.73E-3,-1.50141E-1,
1.71086E+1,-3.73E-3,-1.50141E-1,
1.71186E+1,-3.73E-3,-1.50141E-1,
1.71286E+1,-3.73E-3,-1.50141E-1,
1.71386E+1,-8.373E-2,-1.50141E-1,
1.71486E+1,-3.73E-3,-1.42141E-1,
1.71586E+1,-3.73E-3,-1.42141E-1,
1.71686E+1,-3.73E-3,-1.42141E-1,
1.71786E+1,-3.73E-3,-1.42141E-1,
1.71886E+1,7.627E-2,-1.50141E-1,
1.71986E+1,1.5627E-1,-1.50141E-1,
1.72086E+1,7.627E-2,-1.42141E-1,
1.72186E+1,1.5627E-1,-1.50141E-1,
1.72286E+1,2.3627E-1,-1.42141E-1,
1.72386E+1,2.3627E-1,-1.50141E-1,
1.72486E+1,1.5627E-1,-1.50141E-1,
1.72586E+1,2.3627E-1,-1.42141E-1,
1.72686E+1,2.3627E-1,-1.42141E-1,
1.72786E+1,2.3627E-1,-1.34141E-1,
1.72886E+1,3.1627E-1,-1.34141E-1,
1.72986E+1,2.3627E-1,-1.34141E-1,
1.73087E+1,2.3627E-1,-1.34141E-1,
1.73187E+1,1.5627E-1,-1.34141E-1,
1.73287E+1,1.5627E-1,-1.34141E-1,
1.73387E+1,2.3627E-1,-1.26141E-1,
1.73487E+1,2.3627E-1,-1.34141E-1,
1.73587E+1,2.3627E-1,-1.26141E-1,
1.73687E+1,1.5627E-1,-1.26141E-1,
1.73787E+1,-3.73E-3,-1.26141E-1,
1.73887E+1,-3.73E-3,-1.26141E-1,
1.73987E+1,-3.73E-3,-1.26141E-1,
1.74087E+1,7.627E-2,-1.26141E-1,
1.74187E+1,7.627E-2,-1.26141E-1,
1.74287E+1,7.627E-2,-1.26141E-1,
1.74387E+1,-3.73E-3,-1.26141E-1,
1.74487E+1,-3.73E-3,-1.18141E-1,
1.74587E+1,-3.73E-3,-1.18141E-1,
1.74687E+1,-3.73E-3,-1.18141E-1,
1.74787E+1,-8.373E-2,-1.18141E-1,
1.74887E+1,-1.6373E-1,-1.18141E-1,
1.74987E+1,-2.4373E-1,-1.10141E-1,
1.75088E+1,-2.4373E-1,-1.18141E-1,
1.75188E+1,-2.4373E-1,-1.18141E-1,
1.75288E+1,-1.6373E-1,-1.10141E-1,
1.75388E+1,-1.6373E-1,-1.18141E-1,
1.75488E+1,-3.2373E-1,-1.02141E-1,
1.75588E+1,-4.0373E-1,-1.10141E-1,
1.75688E+1,-4.8373E-1,-1.10141E-1,
1.75788E+1,-5.6373E-1,-1.10141E-1,
1.75888E+1,-3.2373E-1,-1.10141E-1,
1.75988E+1,-3.2373E-1,-1.02141E-1,
1.76088E+1,-1.6373E-1,-1.02141E-1,
1.76188E+1,-2.4373E-1,-1.02141E-1,
1.76288E+1,-2.4373E-1,-1.02141E-1,
1.76388E+1,-8.373E-2,-1.02141E-1,
1.76488E+1,-1.6373E-1,-1.02141E-1,
1.76588E+1,-8.373E-2,-9.4141E-2,
1.76688E+1,-3.73E-3,-1.02141E-1,
1.76788E+1,-3.73E-3,-9.4141E-2,
1.76888E+1,-8.373E-2,-1.02141E-1,
1.76988E+1,-3.73E-3,-9.4141E-2,
1.77089E+1,-3.73E-3,-9.4141E-2,
1.77189E+1,7.627E-2,-9.4141E-2,
1.77289E+1,-3.73E-3,-9.4141E-2,
1.77389E+1,-3.73E-3,-9.4141E-2,
1.77489E+1,-3.73E-3,-9.4141E-2,
1.77589E+1,7.627E-2,-9.4141E-2,
1.77689E+1,7.627E-2,-9.4141E-2,
1.77789E+1,1.5627E-1,-8.6141E-2,
1.77889E+1,1.5627E-1,-9.4141E-2,
1.77989E+1,2.3627E-1,-9.4141E-2,
1.78089E+1,2.3627E-1,-9.4141E-2,
1.78189E+1,2.3627E-1,-9.4141E-2,
1.78289E+1,2.3627E-1,-9.4141E-2,
1.78389E+1,3.1627E-1,-1.02141E-1,
1.78489E+1,3.1627E-1,-1.02141E-1,
1.78589E+1,2.3627E-1,-1.02141E-1,
1.78689E+1,1.5627E-1,-1.02141E-1,
1.78789E+1,7.627E-2,-1.02141E-1,
1.78889E+1,1.5627E-1,-1.02141E-1,
1.78989E+1,-3.73E-3,-1.02141E-1,
1.7909E+1,1.5627E-1,-1.02141E-1,
1.7919E+1,1.5627E-1,-1.02141E-1,
1.7929E+1,7.627E-2,-1.02141E-1,
1.7939E+1,-3.73E-3,-1.02141E-1,
1.7949E+1,7.627E-2,-1.02141E-1,
1.7959E+1,-3.73E-3,-1.10141E-1,
1.7969E+1,-3.73E-3,-1.10141E-1,
1.7979E+1,-3.73E-3,-1.10141E-1,
1.7989E+1,7.627E-2,-1.18141E-1,
1.7999E+1,1.5627E-1,-1.02141E-1,
1.8009E+1,7.627E-2,-1.02141E-1,
1.8019E+1,-3.73E-3,-1.10141E-1,
1.8029E+1,-8.373E-2,-1.02141E-1,
1.8039E+1,-8.373E-2,-1.10141E-1,
1.8049E+1,-8.373E-2,-1.10141E-1,
1.8059E+1,-1.6373E-1,-1.10141E-1,
1.8069E+1,-1.6373E-1,-1.10141E-1,
1.8079E+1,-2.4373E-1,-1.02141E-1,
1.8089E+1,-3.2373E-1,-9.4141E-2,
1.8099E+1,-2.4373E-1,-9.4141E-2,
1.81091E+1,-3.2373E-1,-1.02141E-1,
1.81191E+1,-2.4373E-1,-9.4141E-2,
1.81291E+1,-2.4373E-1,-1.02141E-1,
1.81391E+1,-2.4373E-1,-1.02141E-1,
1.81491E+1,-1.6373E-1,-1.02141E-1,
1.81591E+1,-1.6373E-1,-1.02141E-1,
1.81691E+1,-1.6373E-1,-9.4141E-2,
1.81791E+1,-2.4373E-1,-8.6141E-2,
1.81891E+1,-2.4373E-1,-9.4141E-2,
1.81991E+1,-8.373E-2,-9.4141E-2,
1.82091E+1,-8.373E-2,-9.4141E-2,
1.82191E+1,-3.73E-3,-8.6141E-2,
1.82291E+1,-3.73E-3,-9.4141E-2,
1.82391E+1,-3.73E-3,-8.6141E-2,
1.82491E+1,-8.373E-2,-9.4141E-2,
1.82591E+1,-3.73E-3,-9.4141E-2,
1.82691E+1,7.627E-2,-8.6141E-2,
1.82791E+1,7.627E-2,-8.6141E-2,
1.82891E+1,7.627E-2,-8.6141E-2,
1.82991E+1,-3.73E-3,-8.6141E-2,
1.83092E+1,-3.73E-3,-8.6141E-2,
1.83192E+1,-3.73E-3,-8.6141E-2,
1.83292E+1,-3.73E-3,-8.6141E-2,
1.83392E+1,7.627E-2,-8.6141E-2,
1.83492E+1,7.627E-2,-7.8141E-2,
1.83592E+1,1.5627E-1,-8.6141E-2,
1.83692E+1,7.627E-2,-8.6141E-2,
1.83792E+1,1.5627E-1,-9.4141E-2,
1.83892E+1,7.627E-2,-9.4141E-2,
1.83992E+1,1.5627E-1,-8.6141E-2,
1.84092E+1,7.627E-2,-9.4141E-2,
1.84192E+1,2.3627E-1,-9.4141E-2,
1.84292E+1,2.3627E-1,-8.6141E-2,
1.84392E+1,1.5627E-1,-9.4141E-2,
1.84492E+1,1.5627E-1,-9.4141E-2,
1.84592E+1,2.3627E-1,-1.02141E-1,
1.84692E+1,2.3627E-1,-8.6141E-2,
1.84792E+1,2.3627E-1,-1.02141E-1,
1.84892E+1,2.3627E-1,-1.02141E-1,
1.84992E+1,7.627E-2,-1.02141E-1,
1.85093E+1,7.627E-2,-1.02141E-1,
1.85193E+1,7.627E-2,-1.02141E-1,
1.85293E+1,7.627E-2,-1.02141E-1,
1.85393E+1,-8.373E-2,-1.02141E-1,
1.85493E+1,7.627E-2,-1.02141E-1,
1.85593E+1,-8.373E-2,-1.02141E-1,
1.85693E+1,-3.73E-3,-1.10141E-1,
1.85793E+1,-8.373E-2,-1.02141E-1,
1.85893E+1,-1.6373E-1,-9.4141E-2,
1.85993E+1,-2.4373E-1,-1.02141E-1,
1.86093E+1,-1.6373E-1,-1.02141E-1,
1.86193E+1,-2.4373E-1,-1.02141E-1,
1.86293E+1,-2.4373E-1,-1.02141E-1,
1.86393E+1,-1.6373E-1,-9.4141E-2,
1.86493E+1,-1.6373E-1,-9.4141E-2,
1.86593E+1,-2.4373E-1,-1.02141E-1,
1.86693E+1,-1.6373E-1,-8.6141E-2,
1.86793E+1,-4.0373E-1,-9.4141E-2,
1.86893E+1,-4.0373E-1,-9.4141E-2,
1.86993E+1,-2.4373E-1,-9.4141E-2,
1.87094E+1,-1.6373E-1,-8.6141E-2,
1.87194E+1,-2.4373E-1,-8.6141E-2,
1.87294E+1,-3.2373E-1,-9.4141E-2,
1.87394E+1,-2.4373E-1,-7.8141E-2,
1.87494E+1,-1.6373E-1,-8.6141E-2,
1.87594E+1,-8.373E-2,-8.6141E-2,
1.87694E+1,-1.6373E-1,-9.4141E-2,
1.87794E+1,-8.373E-2,-8.6141E-2,
1.87894E+1,-1.6373E-1,-8.6141E-2,
1.87994E+1,-8.373E-2,-7.8141E-2,
1.88094E+1,-8.373E-2,-7.8141E-2,
1.88194E+1,-8.373E-2,-8.6141E-2,
1.88294E+1,-8.373E-2,-7.8141E-2,
1.88394E+1,-1.6373E-1,-7.8141E-2,
1.88494E+1,-1.6373E-1,-7.8141E-2,
1.88594E+1,7.627E-2,-7.0141E-2,
1.88694E+1,7.627E-2,-7.0141E-2,
1.88794E+1,1.5627E-1,-7.8141E-2,
1.88894E+1,1.5627E-1,-8.6141E-2,
1.88994E+1,1.5627E-1,-8.6141E-2,
1.89095E+1,2.3627E-1,-7.8141E-2,
1.89195E+1,1.5627E-1,-8.6141E-2,
1.89295E+1,7.627E-2,-8.6141E-2,
1.89395E+1,7.627E-2,-8.6141E-2,
1.89495E+1,1.5627E-1,-8.6141E-2,
1.89595E+1,7.627E-2,-8.6141E-2,
1.89695E+1,1.5627E-1,-8.6141E-2,
1.89795E+1,2.3627E-1,-8.6141E-2,
1.89895E+1,2.3627E-1,-8.6141E-2,
1.89995E+1,2.3627E-1,-8.6141E-2,
1.90095E+1,2.3627E-1,-9.4141E-2,
1.90195E+1,3.1627E-1,-8.6141E-2,
1.90295E+1,1.5627E-1,-8.6141E-2,
1.90395E+1,1.5627E-1,-9.4141E-2,
1.90495E+1,3.1627E-1,-9.4141E-2,
1.90595E+1,2.3627E-1,-8.6141E-2,
1.90695E+1,1.5627E-1,-8.6141E-2,
1.90795E+1,-3.73E-3,-9.4141E-2,
1.90895E+1,7.627E-2,-9.4141E-2,
1.90995E+1,-3.73E-3,-9.4141E-2,
1.91096E+1,-3.73E-3,-9.4141E-2,
1.91196E+1,-3.73E-3,-8.6141E-2,
1.91296E+1,-3.73E-3,-9.4141E-2,
1.91396E+1,-8.373E-2,-9.4141E-2,
1.91496E+1,7.627E-2,-9.4141E-2,
1.91596E+1,-8.373E-2,-9.4141E-2,
1.91696E+1,-1.6373E-1,-9.4141E-2,
1.91796E+1,-1.6373E-1,-9.4141E-2,
1.91896E+1,-1.6373E-1,-9.4141E-2,
1.91996E+1,-1.6373E-1,-9.4141E-2,
1.92096E+1,-2.4373E-1,-8.6141E-2,
1.92196E+1,-3.2373E-1,-8.6141E-2,
1.92296E+1,-3.2373E-1,-8.6141E-2,
1.92396E+1,-3.2373E-1,-8.6141E-2,
1.92496E+1,-2.4373E-1,-8.6141E-2,
1.92596E+1,-2.4373E-1,-8.6141E-2,
1.92696E+1,-1.6373E-1,-8.6141E-2,
1.92796E+1,-1.6373E-1,-8.6141E-2,
1.92896E+1,-8.373E-2,-8.6141E-2,
1.92996E+1,-2.4373E-1,-8.6141E-2,
1.93097E+1,-1.6373E-1,-7.8141E-2,
1.93197E+1,-8.373E-2,-7.8141E-2,
1.93297E+1,-3.73E-3,-8.6141E-2,
1.93397E+1,-8.373E-2,-7.8141E-2,
1.93497E+1,-8.373E-2,-7.8141E-2,
1.93597E+1,-3.73E-3,-7.0141E-2,
1.93697E+1,-8.373E-2,-7.8141E-2,
1.93797E+1,7.627E-2,-7.0141E-2,
1.93897E+1,-8.373E-2,-7.8141E-2,
1.93997E+1,-3.73E-3,-7.0141E-2,
1.94097E+1,-3.73E-3,-7.8141E-2,
1.94197E+1,-3.73E-3,-7.8141E-2,
1.94297E+1,-3.73E-3,-7.0141E-2,
1.94397E+1,-3.73E-3,-7.8141E-2,
1.94497E+1,7.627E-2,-7.0141E-2,
1.94597E+1,7.627E-2,-7.0141E-2,
1.94697E+1,7.627E-2,-7.8141E-2,
1.94797E+1,7.627E-2,-7.8141E-2,
1.94897E+1,7.627E-2,-7.8141E-2,
1.94997E+1,1.5627E-1,-7.8141E-2,
1.95098E+1,2.3627E-1,-7.8141E-2,
1.95198E+1,2.3627E-1,-7.8141E-2,
1.95298E+1,2.3627E-1,-7.0141E-2,
1.95398E+1,1.5627E-1,-7.8141E-2,
1.95498E+1,3.1627E-1,-7.0141E-2,
1.95598E+1,2.3627E-1,-7.8141E-2,
1.95698E+1,3.1627E-1,-7.8141E-2,
1.95798E+1,1.5627E-1,-7.8141E-2,
1.95898E+1,7.627E-2,-8.6141E-2,
1.95998E+1,1.5627E-1,-8.6141E-2,
1.96098E+1,1.5627E-1,-7.8141E-2,
1.96198E+1,7.627E-2,-8.6141E-2,
1.96298E+1,7.627E-2,-8.6141E-2,
1.96398E+1,7.627E-2,-8.6141E-2,
1.96498E+1,-3.73E-3,-8.6141E-2,
1.96598E+1,7.627E-2,-8.6141E-2,
1.96698E+1,-3.73E-3,-8.6141E-2,
1.96798E+1,-8.373E-2,-7.8141E-2,
1.96898E+1,-8.373E-2,-8.6141E-2,
1.96998E+1,-1.6373E-1,-8.6141E-2,
1.97099E+1,-3.73E-3,-8.6141E-2,
1.97199E+1,-8.373E-2,-8.6141E-2,
1.97299E+1,-8.373E-2,-9.4141E-2,
1.97399E+1,-8.373E-2,-8.6141E-2,
1.97499E+1,-2.4373E-1,-8.6141E-2,
1.97599E+1,-1.6373E-1,-8.6141E-2,
1.97699E+1,-1.6373E-1,-7.8141E-2,
1.97799E+1,-3.73E-3,-8.6141E-2,
1.97899E+1,-8.373E-2,-7.8141E-2,
1.97999E+1,-3.73E-3,-7.8141E-2,
1.98099E+1,-3.73E-3,-7.8141E-2,
1.98199E+1,-1.6373E-1,-7.8141E-2,
1.98299E+1,-1.6373E-1,-7.8141E-2,
1.98399E+1,-8.373E-2,-7.8141E-2,
1.98499E+1,-1.6373E-1,-7.8141E-2,
1.98599E+1,-1.6373E-1,-7.8141E-2,
1.98699E+1,-2.4373E-1,-7.0141E-2,
1.98799E+1,-1.6373E-1,-7.8141E-2,
1.98899E+1,-1.6373E-1,-7.8141E-2,
1.98999E+1,-1.6373E-1,-7.0141E-2,
1.991E+1,-1.6373E-1,-7.0141E-2,
1.992E+1,-2.4373E-1,-7.0141E-2,
1.993E+1,-3.2373E-1,-7.0141E-2,
1.994E+1,-1.6373E-1,-6.2141E-2,
1.995E+1,-2.4373E-1,-6.2141E-2,
1.996E+1,-1.6373E-1,-7.0141E-2,
1.997E+1,-3.2373E-1,-7.0141E-2,
1.998E+1,-1.6373E-1,-7.0141E-2,
1.999E+1,-1.6373E-1,-6.2141E-2,
2.0E+1,-8.373E-2,-6.2141E-2,
